Nick Foligno,CBJ,1988-10-21 16:36:00.757045,1020.0,LW,42,7,9,35,109
Drake Batherson,OTT,1999-10-19 16:36:00.585660,1020.0,C,56,17,17,29,102
Vitaly Abramov,OTT,1999-10-19 16:36:00.553078,1000,RW,2,0,0,0,0
Noel Acciari,FLA,1992-10-20 16:36:00.553676,1000,C,41,4,7,63,91
Calen Addison,MIN,2001-10-18 16:36:00.554225,1000,D,3,0,0,1,2
Kenny Agostino,TOR,1993-10-20 16:36:00.554853,1000,LW,1,0,0,0,0
Andrew Agozzino,ANA,1991-10-21 16:36:00.555402,1000,LW,3,0,1,7,6
Jack Ahcan,BOS,1998-10-19 16:36:00.555936,1000,D,3,0,0,5,2
Sebastian Aho,CAR,1998-10-19 16:36:00.556469,1000,F,56,24,33,25,38
Sebastian Aho,NYI,1997-10-19 16:36:00.557117,1000,D,3,1,1,2,1
Frederic Allard,NSH,1998-10-19 16:36:00.557797,1000,D,1,0,0,1,0
Wade Allison,PHI,1998-10-19 16:36:00.558429,1000,RW,14,4,3,10,28
Olle Alsing,OTT,1997-10-19 16:36:00.558979,1000,D,4,0,0,2,4
Mark Alt,LAK,1992-10-20 16:36:00.559516,1000,D,2,0,0,1,2
Michael Amadio,TOT,1997-10-19 16:36:00.560305,1000,C,25,0,3,16,8
Michael Amadio,LAK,1997-10-19 16:36:00.560866,1000,C,20,0,2,15,2
Michael Amadio,OTT,1997-10-19 16:36:00.561405,1000,C,5,0,1,1,6
Joey Anderson,TOR,1999-10-19 16:36:00.561936,1000,RW,1,0,0,3,0
Josh Anderson,MTL,1995-10-20 16:36:00.562600,1000,RW,52,17,7,25,139
Michael Anderson,LAK,2000-10-18 16:36:00.563160,1000,D,54,1,10,74,66
Jaret Anderson-Dolan,LAK,2000-10-18 16:36:00.563692,1000,C,34,7,4,20,52
Lias Andersson,LAK,1999-10-19 16:36:00.564651,1000,C,23,3,3,9,8
Rasmus Andersson,CGY,1997-10-19 16:36:00.565249,1000,D,56,5,16,68,49
Andy Andreoff,PHI,1992-10-20 16:36:00.566123,1000,LW,6,0,0,1,14
Anthony Angello,PIT,1997-10-19 16:36:00.567184,1000,C,19,2,2,2,51
Artem Anisimov,OTT,1989-10-21 16:36:00.567817,1000,C,19,2,7,9,9
Mason Appleton,WPG,1996-10-19 16:36:00.568369,1000,C,56,12,13,22,61
Josh Archibald,EDM,1993-10-20 16:36:00.568904,1000,RW,52,7,6,35,192
Joel Armia,MTL,1994-10-20 16:36:00.569443,1000,RW,41,7,7,13,86
Viktor Arvidsson,NSH,1994-10-20 16:36:00.569985,1000,LW,50,10,15,33,15
Rasmus Asplund,BUF,1998-10-19 16:36:00.570519,1000,F,28,7,4,3,15
Zach Aston-Reese,PIT,1995-10-20 16:36:00.571065,1000,C,45,9,6,24,95
Andreas Athanasiou,LAK,1995-10-20 16:36:00.571938,1000,C,47,10,13,16,11
Cam Atkinson,CBJ,1990-10-21 16:36:00.572495,1000,RW,56,15,19,30,22
Nicolas Aube-Kubel,PHI,1997-10-19 16:36:00.573034,1000,RW,50,3,9,16,120
David Backes,ANA,1985-10-22 16:36:00.573574,1000,C,15,3,1,16,31
Mikael Backlund,CGY,1990-10-21 16:36:00.574109,1000,C,54,9,23,21,43
Nicklas Backstrom,WSH,1988-10-21 16:36:00.574664,1000,C,55,15,38,27,25
Kevin Bahl,NJD,2001-10-18 16:36:00.575201,1000,D,7,0,2,6,18
Josh Bailey,NYI,1990-10-21 16:36:00.575736,1000,C,54,8,27,19,13
Justin Bailey,VAN,1996-10-19 16:36:00.576288,1000,RW,3,0,0,0,2
Rudolfs Balcers,SJS,1998-10-19 16:36:00.576825,1000,LW,41,8,9,29,81
Alexander Barabanov,TOT,1995-10-20 16:36:00.577353,1000,F,22,3,5,14,7
Alexander Barabanov,TOR,1995-10-20 16:36:00.577920,1000,F,13,0,1,5,5
Alexander Barabanov,SJS,1995-10-20 16:36:00.578454,1000,F,9,3,4,9,2
Ivan Barbashev,STL,1996-10-19 16:36:00.579109,1000,C,38,5,7,15,49
Aleksander Barkov,FLA,1996-10-19 16:36:00.580057,1000,C,50,26,32,37,31
Alex Barre-Boulet,TBL,1998-10-19 16:36:00.580641,1000,F,15,3,0,5,8
Tyson Barrie,EDM,1992-10-20 16:36:00.581339,1000,D,56,8,40,59,26
Morgan Barron,NYR,1999-10-19 16:36:00.582091,1000,C,5,1,0,2,12
Matt Bartkowski,MIN,1989-10-21 16:36:00.583499,1000,D,1,0,0,1,1
Mathew Barzal,NYI,1998-10-19 16:36:00.584444,1000,C,55,17,28,13,22
Nathan Bastian,NJD,1998-10-19 16:36:00.585108,1000,RW,41,3,7,25,136
Gavin Bayreuther,CBJ,1995-10-20 16:36:00.586204,1000,D,9,1,0,4,12
Jay Beagle,VAN,1986-10-22 16:36:00.586741,1000,RW,30,1,4,8,34
Jake Bean,CAR,1999-10-19 16:36:00.587279,1000,D,42,1,11,21,17
Ethan Bear,EDM,1998-10-19 16:36:00.587815,1000,D,43,2,6,55,31
Nicolas Beaudin,CHI,2000-10-18 16:36:00.588353,1000,D,19,2,4,21,14
Nathan Beaulieu,WPG,1993-10-20 16:36:00.588895,1000,D,25,0,1,30,39
Anthony Beauvillier,NYI,1998-10-19 16:36:00.589428,1000,LW,47,15,13,13,39
Pierre-Edouard Bellemare,COL,1986-10-22 16:36:00.589977,1000,LW,53,9,2,36,26
Kieffer Bellows,NYI,1999-10-19 16:36:00.590522,1000,LW,14,3,0,5,36
Louis Belpedio,MIN,1997-10-19 16:36:00.591062,1000,D,1,0,0,1,3
Alex Belzile,MTL,1992-10-20 16:36:00.591600,1000,F,2,0,1,0,2
Emil Bemstrom,CBJ,2000-10-18 16:36:00.592142,1000,C,20,3,2,8,15
Jamie Benn,DAL,1990-10-21 16:36:00.593073,1000,LW,52,11,24,27,73
Jordie Benn,TOT,1988-10-21 16:36:00.593615,1000,D,39,1,9,51,19
Jordie Benn,VAN,1988-10-21 16:36:00.594156,1000,D,31,1,8,46,14
Jordie Benn,WPG,1988-10-21 16:36:00.594762,1000,D,8,0,1,5,5
Sam Bennett,TOT,1997-10-19 16:36:00.595319,1000,C,48,10,17,18,108
Sam Bennett,CGY,1997-10-19 16:36:00.595901,1000,C,38,4,8,17,79
Sam Bennett,FLA,1997-10-19 16:36:00.596448,1000,C,10,6,9,1,29
Matt Benning,NSH,1995-10-20 16:36:00.597034,1000,D,53,1,3,53,55
Simon Benoit,ANA,1999-10-19 16:36:00.597591,1000,D,6,0,0,9,20
Patrice Bergeron,BOS,1986-10-22 16:36:00.598141,1000,C,54,23,25,36,49
Lean Bergmann,SJS,1999-10-19 16:36:00.599331,1000,F,1,0,0,1,3
Jacob Bernard-Docker,OTT,2001-10-18 16:36:00.600545,1000,D,5,0,0,5,3
Tyler Bertuzzi,DET,1996-10-19 16:36:00.601700,1000,LW,9,5,2,3,13
Alex Biega,DET,1989-10-21 16:36:00.602309,1000,D,13,0,3,11,22
Clark Bishop,OTT,1997-10-19 16:36:00.602854,1000,C,13,0,3,8,23
Anthony Bitetto,NYR,1991-10-21 16:36:00.603404,1000,D,14,1,3,10,21
Anders Bjork,TOT,1997-10-19 16:36:00.603949,1000,LW,45,5,6,13,48
Anders Bjork,BOS,1997-10-19 16:36:00.604494,1000,LW,30,2,3,9,37
Anders Bjork,BUF,1997-10-19 16:36:00.605076,1000,LW,15,3,3,4,11
Oliver Bjorkstrand,CBJ,1996-10-19 16:36:00.605623,1000,RW,56,18,26,30,42
Tobias Bjornfot,LAK,2002-10-18 16:36:00.606227,1000,D,33,1,5,34,28
Nick Bjugstad,MIN,1993-10-20 16:36:00.606779,1000,C,44,6,11,22,48
Colin Blackwell,NYR,1994-10-20 16:36:00.607315,1000,C,47,12,10,19,45
Sammy Blais,STL,1997-10-19 16:36:00.607880,1000,LW,36,8,7,10,103
Joachim Blichfeld,SJS,1999-10-19 16:36:00.608417,1000,W,5,1,0,2,2
Anton Blidh,BOS,1996-10-19 16:36:00.608953,1000,LW,10,1,0,4,25
Teddy Blueger,PIT,1995-10-20 16:36:00.609875,1000,C,43,7,15,25,53
Brock Boeser,VAN,1998-10-19 16:36:00.610412,1000,RW,56,23,26,20,32
Zach Bogosian,TOR,1991-10-21 16:36:00.610964,1000,D,45,0,4,31,67
Nick Bonino,MIN,1989-10-21 16:36:00.611502,1000,C,55,10,16,50,11
Adam Boqvist,CHI,2001-10-18 16:36:00.612065,1000,D,35,2,14,29,29
Jesper Boqvist,NJD,1999-10-19 16:36:00.612761,1000,C,28,4,3,10,15
William Borgen,BUF,1997-10-19 16:36:00.613364,1000,D,10,0,0,14,30
Andreas Borgman,TBL,1996-10-19 16:36:00.613907,1000,D,7,0,2,3,10
Mark Borowiecki,NSH,1990-10-21 16:36:00.614546,1000,D,22,0,1,37,54
Robert Bortuzzo,STL,1990-10-21 16:36:00.615239,1000,D,40,1,4,49,85
Evan Bouchard,EDM,2000-10-18 16:36:00.616359,1000,D,14,2,3,11,11
Madison Bowey,CHI,1996-10-19 16:36:00.617188,1000,D,2,0,1,1,4
Travis Boyd,TOT,1994-10-20 16:36:00.617914,1000,C,39,5,5,15,18
Travis Boyd,TOR,1994-10-20 16:36:00.618475,1000,C,20,3,5,9,9
Travis Boyd,VAN,1994-10-20 16:36:00.619009,1000,C,19,2,0,6,9
Tyler Bozak,STL,1987-10-22 16:36:00.619575,1000,C,31,5,12,20,17
Erik Brannstrom,OTT,2000-10-18 16:36:00.620110,1000,D,30,2,11,18,26
Derick Brassard,ARI,1988-10-21 16:36:00.620643,1000,C,53,8,12,5,80
Jesper Bratt,NJD,1999-10-19 16:36:00.621178,1000,W,46,7,23,18,31
Justin Braun,PHI,1988-10-21 16:36:00.621734,1000,D,53,1,5,73,78
Guillaume Brisebois,VAN,1998-10-19 16:36:00.622453,1000,D,1,0,0,3,0
T.J. Brodie,TOR,1991-10-21 16:36:00.623006,1000,D,56,1,13,84,34
Jonas Brodin,MIN,1994-10-20 16:36:00.623927,1000,D,53,9,14,99,35
Jonny Brodzinski,NYR,1994-10-20 16:36:00.624460,1000,C,5,1,0,2,4
Mathias Brome,DET,1995-10-20 16:36:00.625023,1000,F,26,1,1,7,19
Adam Brooks,TOR,1997-10-19 16:36:00.625564,1000,C,11,4,1,2,14
Connor Brown,OTT,1994-10-20 16:36:00.626093,1000,RW,56,21,14,30,22
Dustin Brown,LAK,1985-10-22 16:36:00.626626,1000,RW,49,17,14,10,85
Josh Brown,OTT,1994-10-20 16:36:00.627153,1000,D,26,0,1,40,71
Logan Brown,OTT,1999-10-19 16:36:00.627683,1000,C,1,0,0,0,0
Patrick Brown,VEG,1993-10-20 16:36:00.628219,1000,C,4,0,0,2,7
Jacob Bryson,BUF,1998-10-19 16:36:00.628748,1000,D,38,1,8,43,32
Pavel Buchnevich,NYR,1996-10-19 16:36:00.629646,1000,LW,54,20,28,29,49
Connor Bunnaman,PHI,1999-10-19 16:36:00.630198,1000,F,18,0,1,6,31
Michael Bunting,ARI,1996-10-19 16:36:00.630820,1000,LW,21,10,3,1,28
Andre Burakovsky,COL,1996-10-19 16:36:00.631386,1000,LW,53,19,25,16,22
Brent Burns,SJS,1986-10-22 16:36:00.632026,1000,D,56,7,22,94,31
Kyle Burroughs,COL,1996-10-19 16:36:00.632918,1000,D,5,0,1,2,10
Will Butcher,NJD,1995-10-20 16:36:00.633931,1000,D,23,1,10,28,7
Quinton Byfield,LAK,2003-10-18 16:36:00.634527,1000,C,6,0,1,3,3
Bowen Byram,COL,2002-10-18 16:36:00.635325,1000,D,19,0,2,13,33
Paul Byron,MTL,1990-10-21 16:36:00.636541,1000,LW,46,5,11,22,116
Nicholas Caamano,DAL,1999-10-19 16:36:00.638065,1000,RW,24,0,1,8,41
Drake Caggiula,TOT,1995-10-20 16:36:00.638680,1000,LW,38,3,7,9,64
Drake Caggiula,ARI,1995-10-20 16:36:00.639221,1000,LW,27,1,6,6,49
Drake Caggiula,BUF,1995-10-20 16:36:00.639788,1000,LW,11,2,1,3,15
Matt Calvert,COL,1990-10-21 16:36:00.640327,1000,LW,18,0,3,8,12
Kyle Capobianco,ARI,1998-10-19 16:36:00.640859,1000,D,2,0,0,2,1
Brandon Carlo,BOS,1997-10-19 16:36:00.641528,1000,D,27,3,1,35,38
John Carlson,WSH,1990-10-21 16:36:00.642080,1000,D,52,10,34,69,52
Gabriel Carlsson,CBJ,1997-10-19 16:36:00.642618,1000,D,14,1,3,12,11
Lucas Carlsson,CHI,1998-10-19 16:36:00.643152,1000,D,12,0,1,3,6
Ryan Carpenter,CHI,1991-10-21 16:36:00.643685,1000,C,40,4,1,17,78
Daniel Carr,WSH,1992-10-20 16:36:00.644229,1000,LW,6,0,1,4,10
Connor Carrick,NJD,1995-10-20 16:36:00.644770,1000,D,11,1,1,24,11
Sam Carrick,ANA,1993-10-20 16:36:00.645316,1000,C,13,2,4,3,29
Alexandre Carrier,NSH,1997-10-19 16:36:00.645928,1000,D,19,1,2,31,22
William Carrier,VEG,1995-10-20 16:36:00.646489,1000,LW,52,6,9,13,131
Jeff Carter,TOT,1985-10-22 16:36:00.647030,1000,C,54,17,13,30,41
Jeff Carter,LAK,1985-10-22 16:36:00.648006,1000,C,40,8,11,20,36
Jeff Carter,PIT,1985-10-22 16:36:00.649109,1000,C,14,9,2,10,5
Jackson Cates,PHI,1998-10-19 16:36:00.650615,1000,C,4,0,1,0,0
Cole Caufield,MTL,2001-10-18 16:36:00.651432,1000,RW,10,4,1,0,3
Cody Ceci,PIT,1994-10-20 16:36:00.652001,1000,D,53,4,13,70,74
Erik Cernak,TBL,1998-10-19 16:36:00.652655,1000,D,46,5,13,46,98
Thomas Chabot,OTT,1997-10-19 16:36:00.653326,1000,D,49,6,25,72,68
Michael Chaput,ARI,1993-10-20 16:36:00.654270,1000,C,13,0,0,8,19
Zdeno Chara,WSH,1978-10-24 16:36:00.654811,1000,D,55,2,8,67,88
Jalen Chatfield,VAN,1997-10-19 16:36:00.655354,1000,D,18,0,1,10,11
Ivan Chekhovich,SJS,1999-10-19 16:36:00.655892,1000,LW,4,0,1,2,0
Ben Chiarot,MTL,1992-10-20 16:36:00.656439,1000,D,41,1,6,60,77
Alex Chiasson,EDM,1991-10-21 16:36:00.656985,1000,RW,45,9,7,7,40
Filip Chlapik,OTT,1998-10-19 16:36:00.657526,1000,C,1,0,0,0,1
Sasha Chmelevski,SJS,2000-10-18 16:36:00.658063,1000,C,5,0,2,1,7
Dennis Cholowski,DET,1999-10-19 16:36:00.658607,1000,D,16,1,2,18,5
Jakob Chychrun,ARI,1999-10-19 16:36:00.659147,1000,D,56,18,23,89,59
Filip Chytil,NYR,2000-10-18 16:36:00.659688,1000,C,42,8,14,19,15
Anthony Cirelli,TBL,1998-10-19 16:36:00.660222,1000,C,50,9,13,32,64
Casey Cizikas,NYI,1992-10-20 16:36:00.660753,1000,C,56,7,7,25,112
Fredrik Claesson,TOT,1993-10-20 16:36:00.661281,1000,D,6,0,0,7,10
Fredrik Claesson,SJS,1993-10-20 16:36:00.661811,1000,D,4,0,0,2,8
Fredrik Claesson,TBL,1993-10-20 16:36:00.662433,1000,D,2,0,0,5,2
Kale Clague,LAK,1999-10-19 16:36:00.662976,1000,D,18,0,6,13,9
Kyle Clifford,STL,1991-10-21 16:36:00.663511,1000,LW,50,4,3,17,69
Connor Clifton,BOS,1996-10-19 16:36:00.664041,1000,D,44,1,6,52,108
Cal Clutterbuck,NYI,1988-10-21 16:36:00.664973,1000,RW,50,4,7,23,191
Braydon Coburn,TOT,1986-10-22 16:36:00.665558,1000,D,19,0,2,20,27
Braydon Coburn,OTT,1986-10-22 16:36:00.667095,1000,D,16,0,2,14,25
Braydon Coburn,NYI,1986-10-22 16:36:00.668358,1000,D,3,0,0,6,2
Dylan Coghlan,VEG,1999-10-19 16:36:00.669473,1000,D,29,3,3,16,29
Andrew Cogliano,DAL,1988-10-21 16:36:00.670445,1000,LW,54,5,6,24,79
Ian Cole,TOT,1990-10-21 16:36:00.671184,1000,D,54,1,7,94,38
Ian Cole,MIN,1990-10-21 16:36:00.671750,1000,D,52,1,7,92,34
Ian Cole,COL,1990-10-21 16:36:00.672289,1000,D,2,0,0,2,4
Blake Coleman,TBL,1992-10-20 16:36:00.672820,1000,C,55,14,17,20,109
Ross Colton,TBL,1997-10-19 16:36:00.673445,1000,C,30,9,3,6,36
Blake Comeau,DAL,1987-10-22 16:36:00.674039,1000,RW,51,4,10,18,106
J.T. Compher,COL,1996-10-19 16:36:00.674593,1000,LW,48,10,8,38,32
Max Comtois,ANA,1999-10-19 16:36:00.675141,1000,LW,55,16,17,34,93
Kevin Connauton,FLA,1991-10-21 16:36:00.675677,1000,D,7,0,1,3,12
Brett Connolly,TOT,1993-10-20 16:36:00.676452,1000,RW,31,3,3,8,44
Brett Connolly,FLA,1993-10-20 16:36:00.677013,1000,RW,21,2,2,5,25
Brett Connolly,CHI,1993-10-20 16:36:00.677561,1000,RW,10,1,1,3,19
Kyle Connor,WPG,1997-10-19 16:36:00.678111,1000,LW,56,26,24,18,18
Andrew Copp,WPG,1995-10-20 16:36:00.678655,1000,C,55,15,24,41,67
Nick Cousins,NSH,1994-10-20 16:36:00.679290,1000,C,52,5,13,16,48
Logan Couture,SJS,1990-10-21 16:36:00.679840,1000,C,53,17,14,39,58
Sean Couturier,PHI,1993-10-20 16:36:00.680384,1000,C,45,18,23,22,34
Charlie Coyle,BOS,1993-10-20 16:36:00.681128,1000,C,51,6,10,24,57
Dylan Cozens,BUF,2002-10-18 16:36:00.682265,1000,C,41,4,9,11,30
Joseph Cramarossa,MIN,1993-10-20 16:36:00.683581,1000,C,4,0,1,1,10
Sidney Crosby,PIT,1988-10-21 16:36:00.684703,1000,C,55,24,38,28,44
Lawson Crouse,ARI,1998-10-19 16:36:00.685475,1000,LW,51,4,9,30,155
Josh Currie,PIT,1993-10-20 16:36:00.686139,1000,RW,1,0,0,0,0
Austin Czarnik,NYI,1993-10-20 16:36:00.687089,1000,C,4,0,0,2,2
Kevin Czuczman,PIT,1991-10-21 16:36:00.687803,1000,D,2,0,0,2,1
Kirby Dach,CHI,2001-10-18 16:36:00.688379,1000,C,18,2,8,12,7
Evgenii Dadonov,OTT,1990-10-21 16:36:00.688960,1000,RW,55,13,7,26,38
Rasmus Dahlin,BUF,2001-10-18 16:36:00.689517,1000,D,56,5,18,45,80
Michael Dal Colle,NYI,1997-10-19 16:36:00.690073,1000,LW,26,1,3,9,32
Zac Dalpe,CBJ,1990-10-21 16:36:00.690613,1000,RW,12,2,1,8,11
Phillip Danault,MTL,1994-10-20 16:36:00.691149,1000,C,53,5,19,28,76
Brandon Davidson,BUF,1992-10-20 16:36:00.691686,1000,D,6,0,0,5,14
Jeremy Davies,NSH,1997-10-19 16:36:00.692220,1000,D,16,0,1,7,11
Calvin de Haan,CHI,1992-10-20 16:36:00.692753,1000,D,44,1,9,85,99
Jacob de La Rose,STL,1996-10-19 16:36:00.693289,1000,LW,13,0,1,8,22
Chase De Leo,ANA,1996-10-19 16:36:00.693868,1000,C,1,0,0,0,1
Jean-Sebastien Dea,BUF,1995-10-20 16:36:00.694452,1000,C,1,0,0,0,0
Anthony DeAngelo,NYR,1996-10-19 16:36:00.694985,1000,D,6,0,1,6,3
Alex DeBrincat,CHI,1998-10-19 16:36:00.695519,1000,RW,52,32,24,22,70
Jake DeBrusk,BOS,1997-10-19 16:36:00.696166,1000,LW,41,5,9,20,33
Danny DeKeyser,DET,1991-10-21 16:36:00.696715,1000,D,47,4,8,81,44
Michael Del Zotto,CBJ,1991-10-21 16:36:00.697298,1000,D,53,4,9,54,125
Ty Dellandrea,DAL,2001-10-18 16:36:00.697901,1000,C,26,3,2,10,47
Dylan DeMelo,WPG,1994-10-20 16:36:00.698950,1000,D,52,0,9,58,76
Jason Demers,ARI,1989-10-21 16:36:00.699699,1000,D,41,0,4,30,69
Grigori Denisenko,FLA,2001-10-18 16:36:00.700735,1000,LW,7,0,4,2,15
Travis Dermott,TOR,1997-10-19 16:36:00.701533,1000,D,51,2,4,35,44
Nicolas Deslauriers,ANA,1992-10-20 16:36:00.702113,1000,LW,49,5,5,20,136
Phillip Di Giuseppe,NYR,1994-10-20 16:36:00.702676,1000,LW,31,1,7,16,78
Jason Dickinson,DAL,1996-10-19 16:36:00.703247,1000,C,51,7,8,49,78
Brenden Dillon,WSH,1991-10-21 16:36:00.703830,1000,D,56,2,17,61,143
Christian Djoos,DET,1995-10-20 16:36:00.704718,1000,D,36,2,9,26,10
Noah Dobson,NYI,2000-10-18 16:36:00.705849,1000,D,46,3,11,59,40
Max Domi,CBJ,1996-10-19 16:36:00.706595,1000,LW,54,9,15,10,15
Ryan Donato,SJS,1997-10-19 16:36:00.707160,1000,C,50,6,14,21,50
Joonas Donskoi,COL,1993-10-20 16:36:00.707747,1000,RW,51,17,14,25,14
Drew Doughty,LAK,1990-10-21 16:36:00.708633,1000,D,56,8,26,83,91
Nic Dowd,WSH,1991-10-21 16:36:00.709482,1000,C,56,11,4,40,109
Justin Dowling,DAL,1991-10-21 16:36:00.710090,1000,C,27,1,4,3,17
Leon Draisaitl,EDM,1996-10-19 16:36:00.710688,1000,C,56,31,53,12,37
Sheldon Dries,COL,1995-10-20 16:36:00.711233,1000,C,3,0,0,0,6
Jonathan Drouin,MTL,1996-10-19 16:36:00.712033,1000,LW,44,2,21,7,42
Jamie Drysdale,ANA,2003-10-18 16:36:00.713441,1000,D,24,3,5,23,7
Dillon Dube,CGY,1999-10-19 16:36:00.714723,1000,C,51,11,11,14,59
Pierre-Luc Dubois,TOT,1999-10-19 16:36:00.715326,1000,LW,46,9,12,26,59
Pierre-Luc Dubois,WPG,1999-10-19 16:36:00.716731,1000,LW,41,8,12,23,57
Pierre-Luc Dubois,CBJ,1999-10-19 16:36:00.717538,1000,LW,5,1,0,3,2
Matt Duchene,NSH,1991-10-21 16:36:00.718132,1000,C,34,6,7,10,30
Anthony Duclair,FLA,1996-10-19 16:36:00.718673,1000,LW,43,10,22,9,32
Mathew Dumba,MIN,1995-10-20 16:36:00.719457,1000,D,51,6,15,75,74
Brian Dumoulin,PIT,1992-10-20 16:36:00.720611,1000,D,41,4,10,55,63
Vince Dunn,STL,1997-10-19 16:36:00.721535,1000,D,43,6,14,51,36
Joshua Dunne,CBJ,1999-10-19 16:36:00.722216,1000,C,6,0,0,7,12
Christian Dvorak,ARI,1997-10-19 16:36:00.722995,1000,C,56,17,14,45,48
Ryan Dzingel,TOT,1993-10-20 16:36:00.723566,1000,C,40,8,5,10,44
Ryan Dzingel,OTT,1993-10-20 16:36:00.724114,1000,C,29,6,3,7,34
Ryan Dzingel,CAR,1993-10-20 16:36:00.724654,1000,C,11,2,2,3,10
Cody Eakin,BUF,1992-10-20 16:36:00.725233,1000,C,46,3,4,20,33
Jordan Eberle,NYI,1991-10-21 16:36:00.725784,1000,RW,55,16,17,18,30
Alexander Edler,VAN,1987-10-22 16:36:00.726322,1000,D,52,0,8,118,80
Joel Edmundson,MTL,1994-10-20 16:36:00.727100,1000,D,55,3,10,75,98
Nikolaj Ehlers,WPG,1997-10-19 16:36:00.727657,1000,LW,47,21,25,12,26
Jack Eichel,BUF,1997-10-19 16:36:00.728193,1000,C,21,2,16,15,20
Aaron Ekblad,FLA,1997-10-19 16:36:00.728731,1000,D,35,11,11,27,24
Mattias Ekholm,NSH,1991-10-21 16:36:00.729366,1000,D,48,6,17,46,23
Oliver Ekman-Larsson,ARI,1992-10-20 16:36:00.729918,1000,D,46,3,21,26,72
Lars Eller,WSH,1990-10-21 16:36:00.730453,1000,C,44,8,15,16,36
Ryan Ellis,NSH,1991-10-21 16:36:00.732209,1000,D,35,5,13,63,21
Pierre Engvall,TOR,1997-10-19 16:36:00.734686,1000,LW,42,7,5,12,43
Tyler Ennis,EDM,1990-10-21 16:36:00.736741,1000,C,30,3,6,6,43
Mackenzie Entwistle,CHI,2000-10-18 16:36:00.737780,1000,RW,5,1,1,2,10
Loui Eriksson,VAN,1986-10-22 16:36:00.738623,1000,LW,7,0,1,1,1
Joel Eriksson Ek,MIN,1997-10-19 16:36:00.739205,1000,C,56,19,11,37,105
Adam Erne,DET,1996-10-19 16:36:00.739759,1000,LW,45,11,9,16,82
Jake Evans,MTL,1997-10-19 16:36:00.740372,1000,C,47,3,10,26,79
Robby Fabbri,DET,1996-10-19 16:36:00.740933,1000,C,30,10,8,17,34
Dante Fabbro,NSH,1999-10-19 16:36:00.741484,1000,D,40,2,10,57,32
Radek Faksa,DAL,1994-10-20 16:36:00.742347,1000,C,55,6,8,45,100
Joel Farabee,PHI,2001-10-18 16:36:00.743354,1000,LW,55,20,18,21,48
David Farrance,NSH,2000-10-18 16:36:00.744042,1000,D,2,0,0,1,1
Hudson Fasching,ARI,1996-10-19 16:36:00.744609,1000,RW,5,0,0,1,6
Jesper Fast,CAR,1992-10-20 16:36:00.745201,1000,RW,46,6,13,23,78
Justin Faulk,STL,1993-10-20 16:36:00.745973,1000,D,56,7,18,87,127
Mario Ferraro,SJS,1999-10-19 16:36:00.746543,1000,D,56,1,16,96,155
Kevin Fiala,MIN,1997-10-19 16:36:00.747085,1000,LW,50,20,20,13,27
Valtteri Filppula,DET,1985-10-22 16:36:00.747867,1000,C,38,6,9,15,9
Christian Fischer,ARI,1998-10-19 16:36:00.749099,1000,RW,52,3,8,27,148
Haydn Fleury,TOT,1997-10-19 16:36:00.751929,1000,D,47,3,1,55,63
Haydn Fleury,CAR,1997-10-19 16:36:00.753588,1000,D,35,1,0,40,46
Haydn Fleury,ANA,1997-10-19 16:36:00.754303,1000,D,12,2,1,15,17
Warren Foegele,CAR,1997-10-19 16:36:00.754863,1000,LW,53,10,10,12,60
Steven Fogarty,BUF,1994-10-20 16:36:00.755411,1000,C,9,1,2,10,4
Marcus Foligno,MIN,1992-10-20 16:36:00.755953,1000,LW,39,11,15,17,109
Nick Foligno,TOT,1988-10-21 16:36:00.756486,1000,LW,49,7,13,37,133
Nick Foligno,TOR,1988-10-21 16:36:00.757597,1000,LW,7,0,4,2,24
Callan Foote,TBL,1999-10-19 16:36:00.758134,1000,D,35,1,2,29,39
Nolan Foote,NJD,2001-10-18 16:36:00.758666,1000,LW,6,1,1,1,5
Derek Forbort,WPG,1993-10-20 16:36:00.759231,1000,D,56,2,10,115,80
Alex Formenton,OTT,2000-10-18 16:36:00.759774,1000,LW,20,4,2,8,23
Filip Forsberg,NSH,1995-10-20 16:36:00.760307,1000,C,39,12,20,14,47
Gustav Forsling,FLA,1997-10-19 16:36:00.760838,1000,D,43,5,12,42,30
Liam Foudy,CBJ,2001-10-18 16:36:00.761371,1000,C,24,0,4,5,13
Cam Fowler,ANA,1992-10-20 16:36:00.761901,1000,D,56,5,18,36,27
Adam Fox,NYR,1999-10-19 16:36:00.762552,1000,D,55,5,42,102,23
Trent Frederic,BOS,1999-10-19 16:36:00.763097,1000,C,42,4,1,15,61
Mark Friedman,TOT,1996-10-19 16:36:00.763637,1000,D,9,2,1,7,14
Mark Friedman,PIT,1996-10-19 16:36:00.764752,1000,D,5,2,1,5,9
Mark Friedman,PHI,1996-10-19 16:36:00.765685,1000,D,4,0,0,2,5
Martin Frk,LAK,1994-10-20 16:36:00.766634,1000,RW,1,0,0,0,1
Byron Froese,CGY,1992-10-20 16:36:00.767405,1000,C,6,1,0,4,8
Michael Frolik,MTL,1989-10-21 16:36:00.768707,1000,LW,8,0,0,1,9
Morgan Frost,PHI,2000-10-18 16:36:00.770192,1000,C,2,0,0,0,0
Kurtis Gabriel,SJS,1994-10-20 16:36:00.775686,1000,RW,11,0,0,10,46
Jonah Gadjovich,VAN,1999-10-19 16:36:00.776287,1000,LW,1,0,0,0,1
Sam Gagner,DET,1990-10-21 16:36:00.776842,1000,C,42,7,8,14,5
Alex Galchenyuk,TOT,1995-10-20 16:36:00.777433,1000,C,34,5,8,10,44
Alex Galchenyuk,TOR,1995-10-20 16:36:00.778013,1000,C,26,4,8,9,32
Alex Galchenyuk,OTT,1995-10-20 16:36:00.778551,1000,C,8,1,0,1,12
Brendan Gallagher,MTL,1993-10-20 16:36:00.779235,1000,RW,35,14,9,12,46
Dylan Gambrell,SJS,1997-10-19 16:36:00.780091,1000,C,49,5,7,54,77
Jake Gardiner,CAR,1991-10-21 16:36:00.781389,1000,D,26,0,8,15,15
Rhett Gardner,DAL,1997-10-19 16:36:00.782441,1000,C,28,1,1,11,52
Conor Garland,ARI,1997-10-19 16:36:00.783403,1000,RW,49,12,27,19,26
Adam Gaudette,TOT,1997-10-19 16:36:00.784607,1000,C,40,5,6,22,16
Adam Gaudette,VAN,1997-10-19 16:36:00.785214,1000,C,33,4,3,20,12
Adam Gaudette,CHI,1997-10-19 16:36:00.786089,1000,C,7,1,3,2,4
Frederick Gaudreau,PIT,1994-10-20 16:36:00.787033,1000,C,19,2,8,9,9
Johnny Gaudreau,CGY,1994-10-20 16:36:00.787896,1000,LW,56,19,30,9,8
Frederik Gauthier,ARI,1996-10-19 16:36:00.788688,1000,C,2,0,0,1,1
Julien Gauthier,NYR,1998-10-19 16:36:00.789366,1000,RW,30,2,6,9,56
Vladislav Gavrikov,CBJ,1996-10-19 16:36:00.790162,1000,D,55,2,10,77,69
Glenn Gawdin,CGY,1998-10-19 16:36:00.791003,1000,C,7,0,1,1,12
Morgan Geekie,CAR,1999-10-19 16:36:00.791879,1000,C,36,3,6,6,28
Nathan Gerbe,CBJ,1988-10-21 16:36:00.792478,1000,C,9,1,2,2,8
Timothy Gettinger,NYR,1999-10-19 16:36:00.793039,1000,LW,2,0,0,1,5
Ryan Getzlaf,ANA,1986-10-22 16:36:00.793579,1000,C,48,5,12,46,66
Dennis Gilbert,COL,1997-10-19 16:36:00.794489,1000,D,3,0,0,1,2
Mark Giordano,CGY,1984-10-22 16:36:00.795019,1000,D,56,9,17,110,51
Samuel Girard,COL,1999-10-19 16:36:00.795556,1000,D,48,5,27,52,31
Claude Giroux,PHI,1988-10-21 16:36:00.796277,1000,C,54,16,27,6,32
Cody Glass,VEG,2000-10-18 16:36:00.796830,1000,C,27,4,6,9,10
Luke Glendening,DET,1990-10-21 16:36:00.797367,1000,C,54,6,9,57,68
Alex Goligoski,ARI,1986-10-22 16:36:00.798010,1000,D,56,3,19,108,76
Barclay Goodrow,TBL,1994-10-20 16:36:00.798651,1000,RW,55,6,14,27,111
Shayne Gostisbehere,PHI,1994-10-20 16:36:00.799261,1000,D,41,9,11,47,18
Yanni Gourde,TBL,1992-10-20 16:36:00.799961,1000,C,56,17,19,21,51
Mikael Granlund,NSH,1993-10-20 16:36:00.800697,1000,C,51,13,14,42,46
Derek Grant,ANA,1991-10-21 16:36:00.801300,1000,C,46,6,9,40,65
Tyler Graovac,VAN,1994-10-20 16:36:00.801851,1000,C,14,3,1,5,13
Ryan Graves,COL,1996-10-19 16:36:00.802387,1000,D,54,2,13,91,77
Andy Greene,NYI,1983-10-23 16:36:00.802918,1000,D,55,1,4,99,41
Jordan Greenway,MIN,1998-10-19 16:36:00.803507,1000,LW,56,6,26,28,87
A.J. Greer,NJD,1997-10-19 16:36:00.804057,1000,LW,1,0,0,0,0
Noah Gregor,SJS,1999-10-19 16:36:00.804592,1000,C,30,5,1,19,47
Mikhail Grigorenko,CBJ,1995-10-20 16:36:00.805122,1000,C,32,4,8,17,14
Rocco Grimaldi,NSH,1994-10-20 16:36:00.805662,1000,C,40,10,3,9,20
Jordan Gross,ARI,1996-10-19 16:36:00.806580,1000,D,7,0,3,8,6
Carl Grundstrom,LAK,1998-10-19 16:36:00.807116,1000,RW,47,6,5,23,104
Matt Grzelcyk,BOS,1994-10-20 16:36:00.807649,1000,D,37,5,15,34,19
Radko Gudas,FLA,1991-10-21 16:36:00.808188,1000,D,54,2,9,72,250
Erik Gudbranson,TOT,1992-10-20 16:36:00.808850,1000,D,45,1,3,64,111
Erik Gudbranson,OTT,1992-10-20 16:36:00.810776,1000,D,36,1,2,51,92
Erik Gudbranson,NSH,1992-10-20 16:36:00.812393,1000,D,9,0,1,13,19
Jake Guentzel,PIT,1995-10-20 16:36:00.813015,1000,C,56,23,34,32,43
Carl Gunnarsson,STL,1987-10-22 16:36:00.813561,1000,D,12,0,2,16,9
Denis Gurianov,DAL,1998-10-19 16:36:00.814100,1000,RW,55,12,18,12,63
Nikita Gusev,TOT,1993-10-20 16:36:00.814634,1000,LW,31,4,6,1,4
Nikita Gusev,NJD,1993-10-20 16:36:00.815799,1000,LW,20,2,3,1,2
Nikita Gusev,FLA,1993-10-20 16:36:00.817866,1000,LW,11,2,3,0,2
David Gustafsson,WPG,2001-10-18 16:36:00.820119,1000,C,4,0,0,0,0
Erik Gustafsson,TOT,1993-10-20 16:36:00.820959,1000,D,29,1,11,21,21
Erik Gustafsson,PHI,1993-10-20 16:36:00.821548,1000,D,24,1,9,20,20
Erik Gustafsson,MTL,1993-10-20 16:36:00.822101,1000,D,5,0,2,1,1
Gaetan Haas,EDM,1992-10-20 16:36:00.822644,1000,F,34,2,1,29,31
Brandon Hagel,CHI,1999-10-19 16:36:00.823182,1000,LW,52,9,15,28,59
Carl Hagelin,WSH,1989-10-21 16:36:00.823767,1000,LW,56,6,10,19,22
Robert Hagg,PHI,1996-10-19 16:36:00.824968,1000,D,34,2,3,31,100
Nicolas Hague,VEG,1999-10-19 16:36:00.826634,1000,D,52,5,12,65,94
Libor Hajek,NYR,1999-10-19 16:36:00.827748,1000,D,44,2,2,48,26
Jani Hakanpaa,TOT,1993-10-20 16:36:00.828305,1000,D,57,2,2,83,215
Jani Hakanpaa,ANA,1993-10-20 16:36:00.828841,1000,D,42,0,1,65,168
Jani Hakanpaa,CAR,1993-10-20 16:36:00.829471,1000,D,15,2,1,18,47
Micheal Haley,OTT,1987-10-22 16:36:00.830024,1000,C,4,0,0,0,10
Taylor Hall,TOT,1992-10-20 16:36:00.830557,1000,LW,53,10,23,15,34
Taylor Hall,BUF,1992-10-20 16:36:00.831165,1000,LW,37,2,17,11,24
Taylor Hall,BOS,1992-10-20 16:36:00.832306,1000,LW,16,8,6,4,10
Dougie Hamilton,CAR,1994-10-20 16:36:00.833930,1000,D,55,10,32,64,52
Travis Hamonic,VAN,1991-10-21 16:36:00.834644,1000,D,38,3,7,81,48
Fredrik Händemark,SJS,1994-10-20 16:36:00.835928,1000,C,8,1,0,1,14
Noah Hanifin,CGY,1997-10-19 16:36:00.836745,1000,D,47,4,11,40,28
Joel Hanley,DAL,1992-10-20 16:36:00.837480,1000,D,35,0,8,30,40
Mike Hardman,CHI,2000-10-18 16:36:00.838313,1000,RW,8,1,2,6,38
Jansen Harkins,WPG,1998-10-19 16:36:00.839340,1000,C,26,1,1,3,11
Ben Harpur,NSH,1995-10-20 16:36:00.840849,1000,D,34,0,7,29,44
Scott Harrington,CBJ,1994-10-20 16:36:00.841859,1000,D,12,1,2,20,9
Ryan Hartman,MIN,1995-10-20 16:36:00.842801,1000,RW,51,7,15,33,55
Garnet Hathaway,WSH,1992-10-20 16:36:00.843757,1000,RW,56,6,12,30,179
Erik Haula,NSH,1992-10-20 16:36:00.844341,1000,LW,51,9,12,23,63
Jayce Hawryluk,VAN,1996-10-19 16:36:00.844880,1000,C,30,2,3,11,43
John Hayden,ARI,1996-10-19 16:36:00.845419,1000,C,29,2,3,16,84
Kevin Hayes,PHI,1993-10-20 16:36:00.846129,1000,RW,55,12,19,14,60
Barrett Hayton,ARI,2001-10-18 16:36:00.847046,1000,C,14,2,1,3,15
Victor Hedman,TBL,1991-10-21 16:36:00.848228,1000,D,54,9,36,73,51
Danton Heinen,ANA,1996-10-19 16:36:00.849975,1000,C,43,7,7,30,32
Ville Heinola,WPG,2002-10-18 16:36:00.851161,1000,D,5,0,0,9,2
Miro Heiskanen,DAL,2000-10-18 16:36:00.851969,1000,D,55,8,19,52,47
Darren Helm,DET,1987-10-22 16:36:00.852947,1000,C,47,3,5,20,39
Adam Henrique,ANA,1991-10-21 16:36:00.853498,1000,C,45,12,9,32,40
Aleksi Heponiemi,FLA,1999-10-19 16:36:00.854034,1000,C,9,1,1,1,0
Tomas Hertl,SJS,1994-10-20 16:36:00.854569,1000,C,50,19,24,39,39
Thomas Hickey,NYI,1990-10-21 16:36:00.855099,1000,D,5,0,2,3,10
Matthew Highmore,TOT,1997-10-19 16:36:00.855639,1000,LW,42,3,4,21,43
Matthew Highmore,CHI,1997-10-19 16:36:00.856171,1000,LW,24,0,2,9,22
Matthew Highmore,VAN,1997-10-19 16:36:00.856707,1000,LW,18,3,2,12,21
Vinnie Hinostroza,TOT,1995-10-20 16:36:00.857246,1000,C,26,4,8,3,37
Vinnie Hinostroza,CHI,1995-10-20 16:36:00.857781,1000,C,17,4,8,2,34
Vinnie Hinostroza,FLA,1995-10-20 16:36:00.858314,1000,C,9,0,0,1,3
Roope Hintz,DAL,1997-10-19 16:36:00.859021,1000,LW,41,15,28,15,52
Taro Hirose,DET,1997-10-19 16:36:00.859580,1000,LW,6,0,2,2,1
Nico Hischier,NJD,1999-10-19 16:36:00.860121,1000,C,21,6,5,20,11
Niklas Hjalmarsson,ARI,1988-10-21 16:36:00.860664,1000,D,41,0,5,69,15
Mike Hoffman,STL,1990-10-21 16:36:00.861315,1000,C,52,17,19,12,29
Nils Hoglander,VAN,2001-10-18 16:36:00.863428,1000,LW,56,13,14,19,26
Nick Holden,VEG,1988-10-21 16:36:00.865149,1000,D,17,0,2,20,28
Justin Holl,TOR,1992-10-20 16:36:00.866246,1000,D,55,2,18,84,82
Patric Hornqvist,FLA,1987-10-22 16:36:00.867279,1000,RW,44,14,18,23,80
Bo Horvat,VAN,1996-10-19 16:36:00.867982,1000,C,56,19,20,38,64
Brett Howden,NYR,1999-10-19 16:36:00.868610,1000,C,42,1,6,35,57
Filip Hronek,DET,1998-10-19 16:36:00.869493,1000,D,56,2,24,46,67
Jonathan Huberdeau,FLA,1994-10-20 16:36:00.870957,1000,LW,55,20,41,11,51
Cameron Hughes,BOS,1997-10-19 16:36:00.871937,1000,C,1,0,0,1,2
Jack Hughes,NJD,2002-10-18 16:36:00.872482,1000,C,56,11,20,15,15
Quinn Hughes,VAN,2000-10-18 16:36:00.873025,1000,D,56,3,38,43,18
Brad Hunt,MIN,1989-10-21 16:36:00.873661,1000,D,12,1,0,6,4
Dryden Hunt,ARI,1996-10-19 16:36:00.874210,1000,LW,26,3,5,5,94
Ben Hutton,TOT,1994-10-20 16:36:00.874758,1000,D,38,1,4,39,44
Ben Hutton,ANA,1994-10-20 16:36:00.875293,1000,D,34,1,4,36,37
Ben Hutton,TOR,1994-10-20 16:36:00.875833,1000,D,4,0,0,3,7
Zach Hyman,TOR,1993-10-20 16:36:00.876447,1000,C,43,15,18,21,69
Alex Iafallo,LAK,1994-10-20 16:36:00.877495,1000,C,55,13,17,39,26
Matt Irwin,BUF,1988-10-21 16:36:00.878481,1000,D,24,0,2,43,56
Mark Jankowski,PIT,1995-10-20 16:36:00.879167,1000,C,45,4,7,21,35
Mattias Janmark,TOT,1993-10-20 16:36:00.879734,1000,C,56,11,13,14,26
Mattias Janmark,CHI,1993-10-20 16:36:00.880271,1000,C,41,10,9,9,22
Mattias Janmark,VEG,1993-10-20 16:36:00.880806,1000,C,15,1,4,5,4
Calle Jarnkrok,NSH,1992-10-20 16:36:00.881549,1000,C,49,13,15,15,30
Christian Jaros,SJS,1997-10-19 16:36:00.882597,1000,D,7,0,1,8,9
Tanner Jeannot,NSH,1998-10-19 16:36:00.883784,1000,F,15,5,2,7,53
Jan Jenik,ARI,2001-10-18 16:36:00.885683,1000,RW,2,2,0,0,2
Boone Jenner,CBJ,1994-10-20 16:36:00.886789,1000,C,41,8,9,53,76
Nick Jensen,WSH,1991-10-21 16:36:00.887377,1000,D,53,2,12,65,56
Ryan Johansen,NSH,1993-10-20 16:36:00.887927,1000,C,48,7,15,16,43
Marcus Johansson,MIN,1991-10-21 16:36:00.888512,1000,C,36,6,8,12,12
Erik Johnson,COL,1989-10-21 16:36:00.889064,1000,D,4,0,1,5,7
Jack Johnson,NYR,1987-10-22 16:36:00.889987,1000,D,13,1,0,15,30
Luke Johnson,MIN,1995-10-20 16:36:00.890551,1000,C,14,1,0,4,29
Reese Johnson,CHI,1999-10-19 16:36:00.891103,1000,F,5,0,0,2,22
Tyler Johnson,TBL,1991-10-21 16:36:00.892097,1000,C,55,8,14,15,63
Andreas Johnsson,NJD,1995-10-20 16:36:00.893169,1000,LW,50,5,6,17,39
Ross Johnston,NYI,1995-10-20 16:36:00.893848,1000,LW,12,0,1,6,43
Henri Jokiharju,BUF,2000-10-18 16:36:00.894412,1000,D,46,3,5,53,47
Caleb Jones,EDM,1998-10-19 16:36:00.894987,1000,D,33,0,4,35,27
Max Jones,ANA,1999-10-19 16:36:00.895539,1000,LW,46,7,4,11,100
Seth Jones,CBJ,1995-10-20 16:36:00.896133,1000,D,56,5,23,101,102
Zachary Jones,NYR,2001-10-18 16:36:00.896801,1000,D,10,0,4,8,8
Mathieu Joseph,TBL,1998-10-19 16:36:00.897360,1000,RW,56,12,7,15,82
Pierre-Olivier Joseph,PIT,2000-10-18 16:36:00.897943,1000,D,16,1,4,7,22
Dakota Joshua,STL,1997-10-19 16:36:00.898524,1000,C,12,1,0,2,23
Roman Josi,NSH,1991-10-21 16:36:00.899678,1000,D,48,8,25,83,27
Tyson Jost,COL,1999-10-19 16:36:00.901325,1000,C,54,7,10,19,45
Olli Juolevi,VAN,1999-10-19 16:36:00.902404,1000,D,23,2,1,30,23
Tomas Jurco,VEG,1993-10-20 16:36:00.904262,1000,RW,8,0,1,2,4
Noah Juulsen,FLA,1998-10-19 16:36:00.905035,1000,D,4,0,0,4,9
Nazem Kadri,COL,1991-10-21 16:36:00.905631,1000,C,56,11,21,19,36
Dominik Kahun,EDM,1996-10-19 16:36:00.906826,1000,C,48,9,6,12,13
Kaapo Kakko,NYR,2002-10-18 16:36:00.908137,1000,RW,48,9,8,16,14
Arthur Kaliyev,LAK,2002-10-18 16:36:00.908886,1000,RW,1,1,0,1,0
Wyatt Kalynuk,CHI,1998-10-19 16:36:00.909528,1000,D,21,4,5,21,25
David Kampf,CHI,1995-10-20 16:36:00.910086,1000,C,56,1,11,14,45
Steven Kampfer,BOS,1989-10-21 16:36:00.910623,1000,D,20,2,3,24,20
Evander Kane,SJS,1992-10-20 16:36:00.911155,1000,LW,56,22,27,22,97
Patrick Kane,CHI,1989-10-21 16:36:00.911687,1000,RW,56,15,51,15,13
Kasperi Kapanen,PIT,1997-10-19 16:36:00.912239,1000,RW,40,11,19,8,41
Kirill Kaprizov,MIN,1998-10-19 16:36:00.912924,1000,LW,55,27,24,18,29
Erik Karlsson,SJS,1991-10-21 16:36:00.913470,1000,D,52,8,14,69,20
William Karlsson,VEG,1993-10-20 16:36:00.914203,1000,C,56,14,25,29,29
David Kase,PHI,1997-10-19 16:36:00.915762,1000,RW,1,0,0,1,0
Ondrej Kase,BOS,1996-10-19 16:36:00.916798,1000,RW,3,0,0,1,1
Zack Kassian,EDM,1991-10-21 16:36:00.917958,1000,RW,27,2,3,3,73
Martin Kaut,COL,2000-10-18 16:36:00.919685,1000,RW,5,0,0,1,6
Joey Keane,CAR,2000-10-18 16:36:00.920321,1000,D,1,0,0,0,2
Brady Keeper,FLA,1997-10-19 16:36:00.920871,1000,D,1,0,0,0,1
Duncan Keith,CHI,1984-10-22 16:36:00.921546,1000,D,54,4,11,91,33
Clayton Keller,ARI,1999-10-19 16:36:00.922382,1000,C,56,14,21,14,20
Joel Kellman,SJS,1995-10-20 16:36:00.924235,1000,F,7,1,1,2,5
Parker Kelly,OTT,2000-10-18 16:36:00.924904,1000,F,1,1,0,0,4
Adrian Kempe,LAK,1997-10-19 16:36:00.925503,1000,LW,56,14,15,21,47
Alexander Kerfoot,TOR,1995-10-20 16:36:00.926052,1000,C,56,8,15,34,41
Tanner Kero,DAL,1993-10-20 16:36:00.926604,1000,RW,39,3,7,14,31
Phil Kessel,ARI,1988-10-21 16:36:00.927141,1000,RW,56,20,23,9,8
Jujhar Khaira,EDM,1995-10-20 16:36:00.927734,1000,LW,40,3,8,21,151
Matt Kiersted,FLA,1999-10-19 16:36:00.928300,1000,D,7,0,0,10,1
Alex Killorn,TBL,1990-10-21 16:36:00.928999,1000,C,56,15,18,12,59
Joel Kiviranta,DAL,1997-10-19 16:36:00.930079,1000,F,26,6,5,11,40
John Klingberg,DAL,1993-10-20 16:36:00.931036,1000,D,53,7,29,52,49
Nikolai Knyzhov,SJS,1999-10-19 16:36:00.931841,1000,D,56,2,8,54,84
Slater Koekkoek,EDM,1995-10-20 16:36:00.932500,1000,D,18,1,0,31,10
Mikko Koivu,CBJ,1984-10-22 16:36:00.933254,1000,C,7,1,1,1,10
Keegan Kolesar,VEG,1998-10-19 16:36:00.934648,1000,RW,44,3,10,15,107
Leo Komarov,NYI,1987-10-22 16:36:00.935413,1000,C,33,1,7,11,83
Travis Konecny,PHI,1998-10-19 16:36:00.936103,1000,C,50,11,23,16,55
Anze Kopitar,LAK,1988-10-21 16:36:00.936878,1000,C,56,13,37,37,45
Klim Kostin,STL,2000-10-18 16:36:00.937992,1000,C,2,0,1,0,9
Jesperi Kotkaniemi,MTL,2001-10-18 16:36:00.938728,1000,C,56,5,15,27,84
Vitali Kravtsov,NYR,2000-10-18 16:36:00.939682,1000,RW,20,2,2,6,7
Peyton Krebs,VEG,2001-10-18 16:36:00.940224,1000,C,4,0,1,1,4
Chris Kreider,NYR,1992-10-20 16:36:00.940761,1000,LW,50,20,10,35,115
David Krejci,BOS,1987-10-22 16:36:00.941308,1000,C,51,8,36,26,25
Torey Krug,STL,1992-10-20 16:36:00.941848,1000,D,51,2,30,57,51
Dominik Kubalík,CHI,1996-10-19 16:36:00.942393,1000,LW,56,17,21,17,57
Karson Kuhlman,BOS,1996-10-19 16:36:00.942999,1000,C,20,2,0,4,27
Dean Kukan,CBJ,1994-10-20 16:36:00.943542,1000,D,35,1,4,38,36
Brett Kulak,MTL,1994-10-20 16:36:00.944236,1000,D,46,2,6,54,28
Dmitry Kulikov,TOT,1991-10-21 16:36:00.945321,1000,D,48,0,4,49,93
Dmitry Kulikov,NJD,1991-10-21 16:36:00.946198,1000,D,38,0,2,39,72
Dmitry Kulikov,EDM,1991-10-21 16:36:00.946765,1000,D,10,0,2,10,21
Luke Kunin,NSH,1998-10-19 16:36:00.947305,1000,C,38,10,9,20,84
Janne Kuokkanen,NJD,1999-10-19 16:36:00.947838,1000,C,50,8,17,19,10
Rasmus Kupari,LAK,2001-10-18 16:36:00.948443,1000,C,7,1,0,3,7
Sean Kuraly,BOS,1993-10-20 16:36:00.949018,1000,C,47,4,5,21,99
Philipp Kurashev,CHI,2000-10-18 16:36:00.950061,1000,C,54,8,8,18,32
Evgeny Kuznetsov,WSH,1993-10-20 16:36:00.950676,1000,C,41,9,20,18,21
Oliver Kylington,CGY,1998-10-19 16:36:00.951668,1000,D,8,0,1,1,3
Jordan Kyrou,STL,1999-10-19 16:36:00.952786,1000,C,55,14,21,13,7
Joel L'Esperance,DAL,1996-10-19 16:36:00.953849,1000,RW,12,2,0,0,16
Kevin Labanc,SJS,1996-10-19 16:36:00.954482,1000,RW,55,12,16,15,61
Tanner Laczynski,PHI,1998-10-19 16:36:00.955419,1000,C,5,0,0,1,5
Alexis Lafreniere,NYR,2002-10-18 16:36:00.956494,1000,LW,56,12,9,11,43
William Lagesson,EDM,1997-10-19 16:36:00.957023,1000,D,19,0,2,14,15
Patrik Laine,TOT,1999-10-19 16:36:00.957562,1000,RW,46,12,12,15,36
Patrik Laine,CBJ,1999-10-19 16:36:00.958100,1000,RW,45,10,11,14,33
Patrik Laine,WPG,1999-10-19 16:36:00.958635,1000,RW,1,2,1,1,3
Juho Lammikko,FLA,1996-10-19 16:36:00.959687,1000,RW,44,4,1,16,50
Gabriel Landeskog,COL,1993-10-20 16:36:00.960881,1000,LW,54,20,32,28,81
Dylan Larkin,DET,1997-10-19 16:36:00.961464,1000,C,44,9,14,17,38
Adam Larsson,EDM,1993-10-20 16:36:00.962007,1000,D,56,4,6,128,166
Jacob Larsson,ANA,1998-10-19 16:36:00.962673,1000,D,46,1,6,59,37
Johan Larsson,ARI,1993-10-20 16:36:00.963236,1000,LW,52,8,6,34,77
Scott Laughton,PHI,1995-10-20 16:36:00.963780,1000,C,53,9,11,34,141
Jeremy Lauzon,BOS,1998-10-19 16:36:00.964315,1000,D,41,1,7,53,98
Curtis Lazar,TOT,1996-10-19 16:36:00.965081,1000,C,50,7,6,22,99
Curtis Lazar,BUF,1996-10-19 16:36:00.965706,1000,C,33,5,4,16,64
Curtis Lazar,BOS,1996-10-19 16:36:00.966654,1000,C,17,2,2,6,35
Nick Leddy,NYI,1992-10-20 16:36:00.968021,1000,D,56,2,29,54,58
Anders Lee,NYI,1991-10-21 16:36:00.970014,1000,LW,27,12,7,13,39
Artturi Lehkonen,MTL,1996-10-19 16:36:00.970775,1000,LW,47,7,6,23,85
Mikko Lehtonen,TOT,1994-10-20 16:36:00.971525,1000,D,26,0,6,15,30
Mikko Lehtonen,CBJ,1994-10-20 16:36:00.972093,1000,D,17,0,3,13,25
Mikko Lehtonen,TOR,1994-10-20 16:36:00.972634,1000,D,9,0,3,2,5
Josh Leivo,CGY,1994-10-20 16:36:00.973177,1000,LW,38,6,3,2,33
Brendan Lemieux,TOT,1997-10-19 16:36:00.973859,1000,LW,49,4,7,26,109
Brendan Lemieux,NYR,1997-10-19 16:36:00.974808,1000,LW,31,2,5,14,65
Brendan Lemieux,LAK,1997-10-19 16:36:00.975948,1000,LW,18,2,2,12,44
John Leonard,SJS,1999-10-19 16:36:00.976919,1000,LW,44,3,10,17,25
Otto Leskinen,MTL,1998-10-19 16:36:00.977461,1000,D,1,0,0,0,1
Kris Letang,PIT,1988-10-21 16:36:00.978052,1000,D,55,7,38,65,92
Vinni Lettieri,ANA,1996-10-19 16:36:00.978614,1000,C,5,0,0,1,9
Tyler Lewington,NSH,1995-10-20 16:36:00.979174,1000,D,2,0,1,4,1
Trevor Lewis,WPG,1987-10-22 16:36:00.979713,1000,C,56,5,5,22,71
Timothy Liljegren,TOR,2000-10-18 16:36:00.980252,1000,D,2,0,0,2,3
Kole Lind,VAN,1999-10-19 16:36:00.981189,1000,RW,7,0,0,3,8
Oskar Lindblom,PHI,1997-10-19 16:36:00.982129,1000,LW,50,8,6,24,43
Esa Lindell,DAL,1995-10-20 16:36:00.982720,1000,D,56,5,11,104,114
Ryan Lindgren,NYR,1999-10-19 16:36:00.984022,1000,D,51,1,15,50,98
Elias Lindholm,CGY,1995-10-20 16:36:00.984660,1000,C,56,19,28,34,53
Hampus Lindholm,ANA,1994-10-20 16:36:00.986442,1000,D,18,2,4,19,9
Par Lindholm,BOS,1992-10-20 16:36:00.987100,1000,C,1,0,0,0,0
Gustav Lindstrom,DET,1999-10-19 16:36:00.987663,1000,D,13,0,3,17,14
Blake Lizotte,LAK,1998-10-19 16:36:00.988203,1000,C,41,3,7,21,32
William Lockwood,VAN,1999-10-19 16:36:00.988796,1000,RW,2,0,0,1,6
Ryan Lomberg,FLA,1995-10-20 16:36:00.989808,1000,LW,34,2,2,10,90
Steven Lorentz,CAR,1997-10-19 16:36:00.990888,1000,C,45,2,6,16,47
Adam Lowry,WPG,1994-10-20 16:36:00.991495,1000,LW,52,10,14,30,161
Milan Lucic,CGY,1989-10-21 16:36:00.992468,1000,LW,56,10,13,12,139
Matt Luff,LAK,1998-10-19 16:36:00.993020,1000,RW,13,1,0,6,8
Isac Lundestrom,ANA,2000-10-18 16:36:00.993646,1000,C,41,6,3,19,16
Eetu Luostarinen,FLA,1999-10-19 16:36:00.994195,1000,C,44,3,5,25,55
Ilya Lyubushkin,ARI,1995-10-20 16:36:00.994736,1000,D,42,1,1,72,103
Olli Maatta,LAK,1995-10-20 16:36:00.995274,1000,D,41,0,4,53,41
Kurtis MacDermid,LAK,1995-10-20 16:36:00.995953,1000,D,28,2,2,35,46
Jacob MacDonald,COL,1994-10-20 16:36:00.996971,1000,D,33,1,8,31,38
Mackenzie MacEachern,STL,1995-10-20 16:36:00.998218,1000,LW,21,1,1,2,35
Zack MacEwen,VAN,1997-10-19 16:36:00.999246,1000,C,34,1,1,9,65
Ryan MacInnis,CBJ,1997-10-19 16:36:01.000406,1000,C,16,0,0,3,19
Connor Mackey,CGY,1997-10-19 16:36:01.001594,1000,D,6,1,2,0,8
Nathan MacKinnon,COL,1996-10-19 16:36:01.002326,1000,C,48,20,45,15,38
Josh Mahura,ANA,1999-10-19 16:36:01.002889,1000,D,13,1,3,9,10
Philippe Maillet,WSH,1993-10-20 16:36:01.003463,1000,F,2,0,0,0,1
Cale Makar,COL,1999-10-19 16:36:01.004013,1000,D,44,8,36,36,49
Evgeni Malkin,PIT,1987-10-22 16:36:01.004918,1000,C,33,8,20,12,18
Sean Malone,NSH,1996-10-19 16:36:01.006119,1000,C,1,0,1,0,0
Mikhail Maltsev,NJD,1999-10-19 16:36:01.006786,1000,LW,33,6,3,8,26
Andrew Mangiapane,CGY,1997-10-19 16:36:01.007362,1000,LW,56,18,14,33,51
Josh Manson,ANA,1992-10-20 16:36:01.008319,1000,D,23,1,6,31,61
Anthony Mantha,TOT,1995-10-20 16:36:01.008856,1000,RW,56,15,14,27,49
Anthony Mantha,DET,1995-10-20 16:36:01.009421,1000,RW,42,11,10,20,34
Anthony Mantha,WSH,1995-10-20 16:36:01.010005,1000,RW,14,4,4,7,15
Brad Marchand,BOS,1989-10-21 16:36:01.010544,1000,LW,53,29,40,11,66
Jonathan Marchessault,VEG,1991-10-21 16:36:01.011077,1000,C,55,18,26,14,44
Mason Marchment,FLA,1996-10-19 16:36:01.011785,1000,F,33,2,8,8,73
John Marino,PIT,1998-10-19 16:36:01.012950,1000,D,52,3,10,50,48
Patrick Marleau,SJS,1980-10-23 16:36:01.013926,1000,C,56,4,5,19,40
Mitch Marner,TOR,1998-10-19 16:36:01.014492,1000,RW,55,20,47,41,23
Pat Maroon,TBL,1989-10-21 16:36:01.015524,1000,LW,55,4,14,6,75
Matt Martin,NYI,1990-10-21 16:36:01.016205,1000,LW,54,6,5,23,181
Alec Martinez,VEG,1988-10-21 16:36:01.017368,1000,D,53,9,23,168,44
Jordan Martinook,CAR,1993-10-20 16:36:01.018029,1000,LW,44,4,9,20,90
Mike Matheson,PIT,1995-10-20 16:36:01.018610,1000,D,44,5,11,40,41
Stefan Matteau,CBJ,1995-10-20 16:36:01.019288,1000,LW,18,1,0,9,35
Auston Matthews,TOR,1998-10-19 16:36:01.020469,1000,C,52,41,25,47,57
Scott Mayfield,NYI,1993-10-20 16:36:01.021486,1000,D,56,2,13,108,76
Gerald Mayhew,MIN,1993-10-20 16:36:01.022069,1000,F,4,0,1,4,7
Charlie McAvoy,BOS,1998-10-19 16:36:01.022617,1000,D,51,5,25,80,65
Jake McCabe,BUF,1994-10-20 16:36:01.023219,1000,D,13,1,2,15,22
Jared McCann,PIT,1997-10-19 16:36:01.023762,1000,C,43,14,18,17,40
Michael McCarron,NSH,1996-10-19 16:36:01.024956,1000,RW,6,0,0,0,12
Max McCormick,CAR,1993-10-20 16:36:01.025517,1000,LW,12,2,1,2,16
Connor McDavid,EDM,1997-10-19 16:36:01.026058,1000,C,56,33,72,24,61
Ryan McDonagh,TBL,1990-10-21 16:36:01.026654,1000,D,50,4,8,96,69
Brock McGinn,CAR,1995-10-20 16:36:01.027708,1000,LW,37,8,5,12,44
Greg McKegg,BOS,1993-10-20 16:36:01.028794,1000,C,5,1,0,1,7
Michael McLeod,NJD,1999-10-19 16:36:01.029509,1000,C,52,9,6,20,89
Ryan McLeod,EDM,2000-10-18 16:36:01.030084,1000,C,10,0,1,5,3
Connor McMichael,WSH,2001-10-18 16:36:01.030634,1000,C,1,0,0,0,0
Brayden McNabb,VEG,1991-10-21 16:36:01.031175,1000,D,41,2,6,76,98
Jayson Megna,COL,1991-10-21 16:36:01.031983,1000,C,7,0,2,3,14
Timo Meier,SJS,1997-10-19 16:36:01.033181,1000,RW,54,12,19,24,75
Nicolas Meloche,SJS,1998-10-19 16:36:01.034574,1000,D,7,0,1,6,5
Nicholas Merkley,NJD,1998-10-19 16:36:01.035776,1000,RW,27,2,8,5,28
Dakota Mermis,MIN,1994-10-20 16:36:01.037022,1000,D,3,0,0,4,10
Jonathon Merrill,TOT,1993-10-20 16:36:01.037934,1000,D,49,0,5,70,34
Jonathon Merrill,DET,1993-10-20 16:36:01.038571,1000,D,36,0,5,58,24
Jonathon Merrill,MTL,1993-10-20 16:36:01.039154,1000,D,13,0,0,12,10
Victor Mete,TOT,1999-10-19 16:36:01.039730,1000,D,28,1,4,35,19
Victor Mete,MTL,1999-10-19 16:36:01.040714,1000,D,14,0,3,10,8
Victor Mete,OTT,1999-10-19 16:36:01.041350,1000,D,14,1,1,25,11
Marc Michaelis,VAN,1996-10-19 16:36:01.042845,1000,F,15,0,0,10,12
Jacob Middleton,SJS,1996-10-19 16:36:01.044337,1000,D,1,0,0,1,2
Keaton Middleton,COL,1999-10-19 16:36:01.044922,1000,D,3,0,0,1,4
Ilya Mikheyev,TOR,1995-10-20 16:36:01.046052,1000,F,54,7,10,28,49
Niko Mikkola,STL,1997-10-19 16:36:01.046665,1000,D,30,1,2,36,49
Sonny Milano,ANA,1997-10-19 16:36:01.047580,1000,LW,6,0,0,0,4
Colin Miller,BUF,1993-10-20 16:36:01.048191,1000,D,48,4,8,51,91
J.T. Miller,VAN,1994-10-20 16:36:01.048836,1000,C,53,15,31,24,90
K'Andre Miller,NYR,2000-10-18 16:36:01.050294,1000,D,53,5,7,77,93
Kevan Miller,BOS,1988-10-21 16:36:01.051546,1000,D,28,1,3,37,64
Ian Mitchell,CHI,1999-10-19 16:36:01.052907,1000,D,39,3,4,37,18
Casey Mittelstadt,BUF,1999-10-19 16:36:01.053903,1000,C,41,10,12,12,9
Sean Monahan,CGY,1995-10-20 16:36:01.054475,1000,C,50,10,18,18,49
Brandon Montour,TOT,1995-10-20 16:36:01.055030,1000,D,50,7,11,62,54
Brandon Montour,BUF,1995-10-20 16:36:01.055575,1000,D,38,5,9,53,35
Brandon Montour,FLA,1995-10-20 16:36:01.056112,1000,D,12,2,2,9,19
John Moore,BOS,1991-10-21 16:36:01.056726,1000,D,5,0,2,6,9
Trevor Moore,LAK,1996-10-19 16:36:01.057743,1000,LW,56,10,13,10,38
Samuel Morin,PHI,1996-10-19 16:36:01.058783,1000,D,20,1,0,13,38
Josh Morrissey,WPG,1996-10-19 16:36:01.059438,1000,D,56,4,17,86,78
Tyler Motte,VAN,1996-10-19 16:36:01.060002,1000,C,24,6,3,28,100
Connor Murphy,CHI,1994-10-20 16:36:01.060541,1000,D,50,3,12,123,102
Brett Murray,BUF,1999-10-19 16:36:01.061075,1000,LW,2,0,0,1,3
Ryan Murray,NJD,1994-10-20 16:36:01.061712,1000,D,48,0,14,73,38
Jake Muzzin,TOR,1990-10-21 16:36:01.062298,1000,D,53,4,23,94,101
Philippe Myers,PHI,1997-10-19 16:36:01.063326,1000,D,44,1,10,40,69
Tyler Myers,VAN,1991-10-21 16:36:01.063871,1000,D,55,6,15,74,61
Vladislav Namestnikov,DET,1993-10-20 16:36:01.064655,1000,C,53,8,9,35,71
Riley Nash,CBJ,1990-10-21 16:36:01.065518,1000,C,37,2,5,21,33
James Neal,EDM,1988-10-21 16:36:01.066164,1000,LW,29,5,5,6,26
Martin Necas,CAR,1999-10-19 16:36:01.067506,1000,C,53,14,27,32,45
Brock Nelson,NYI,1992-10-20 16:36:01.068801,1000,C,56,18,15,26,36
Patrik Nemeth,TOT,1993-10-20 16:36:01.069653,1000,D,52,3,7,67,87
Patrik Nemeth,DET,1993-10-20 16:36:01.070234,1000,D,39,2,6,47,65
Patrik Nemeth,COL,1993-10-20 16:36:01.071097,1000,D,13,1,1,20,22
Aaron Ness,ARI,1991-10-21 16:36:01.071772,1000,D,1,0,0,0,2
Nikita Nesterov,CGY,1994-10-20 16:36:01.072761,1000,D,38,0,4,29,41
Alex Newhook,COL,2001-10-18 16:36:01.073798,1000,C,6,0,3,1,3
Valeri Nichushkin,COL,1996-10-19 16:36:01.074372,1000,RW,55,10,11,28,65
Nino Niederreiter,CAR,1993-10-20 16:36:01.074918,1000,RW,56,20,14,17,68
Frans Nielsen,DET,1985-10-22 16:36:01.075474,1000,C,29,1,5,12,23
Matthew Nieto,SJS,1993-10-20 16:36:01.076010,1000,LW,28,5,2,19,25
Sami Niku,WPG,1997-10-19 16:36:01.076548,1000,D,6,0,0,7,0
Stefan Noesen,TOT,1994-10-20 16:36:01.077084,1000,RW,6,0,0,0,4
Stefan Noesen,SJS,1994-10-20 16:36:01.077622,1000,RW,5,0,0,0,4
Stefan Noesen,TOR,1994-10-20 16:36:01.078155,1000,RW,1,0,0,0,0
Joakim Nordstrom,CGY,1993-10-20 16:36:01.078693,1000,C,44,1,6,30,92
Joshua Norris,OTT,2000-10-18 16:36:01.079529,1000,C,56,17,18,34,72
Tomas Nosek,VEG,1993-10-20 16:36:01.080850,1000,C,38,8,10,18,51
Ryan Nugent-Hopkins,EDM,1994-10-20 16:36:01.081999,1000,C,52,16,19,29,26
Darnell Nurse,EDM,1996-10-19 16:36:01.082875,1000,D,56,16,20,100,117
Markus Nutivaara,FLA,1995-10-20 16:36:01.083721,1000,D,30,0,10,13,35
Joakim Nygard,EDM,1993-10-20 16:36:01.084876,1000,F,9,0,0,0,4
William Nylander,TOR,1997-10-19 16:36:01.085640,1000,C,51,17,25,15,12
Liam O'Brien,COL,1995-10-20 16:36:01.086405,1000,C,12,0,3,2,28
Drew O'Connor,PIT,1999-10-19 16:36:01.086963,1000,F,10,0,1,2,6
Logan O'Connor,COL,1997-10-19 16:36:01.087498,1000,RW,22,3,2,12,29
Ryan O'Reilly,STL,1992-10-20 16:36:01.088066,1000,C,56,24,30,26,24
Jordan Oesterle,ARI,1993-10-20 16:36:01.088597,1000,D,43,1,10,64,45
Kyle Okposo,BUF,1989-10-21 16:36:01.089144,1000,RW,35,2,11,14,29
Jamie Oleksiak,DAL,1993-10-20 16:36:01.089676,1000,D,56,6,8,88,148
Mathieu Olivier,NSH,1998-10-19 16:36:01.090216,1000,F,30,3,2,19,62
Victor Olofsson,BUF,1996-10-19 16:36:01.090753,1000,RW,56,13,19,12,17
Dmitry Orlov,WSH,1992-10-20 16:36:01.091282,1000,D,51,8,14,50,87
T.J. Oshie,WSH,1987-10-22 16:36:01.091813,1000,C,53,22,21,27,70
Xavier Ouellet,MTL,1994-10-20 16:36:01.092342,1000,D,6,0,0,8,17
Alex Ovechkin,WSH,1986-10-22 16:36:01.092873,1000,LW,45,24,18,23,98
Max Pacioretty,VEG,1989-10-21 16:36:01.093406,1000,LW,48,24,27,29,33
Jean-Gabriel Pageau,NYI,1993-10-20 16:36:01.094012,1000,C,54,14,14,58,111
Ondrej Palat,TBL,1992-10-20 16:36:01.094946,1000,LW,55,15,31,43,82
Kyle Palmieri,TOT,1992-10-20 16:36:01.095481,1000,RW,51,10,11,12,62
Kyle Palmieri,NJD,1992-10-20 16:36:01.096146,1000,RW,34,8,9,10,37
Kyle Palmieri,NYI,1992-10-20 16:36:01.096692,1000,RW,17,2,2,2,25
Artemi Panarin,NYR,1992-10-20 16:36:01.097227,1000,LW,42,17,41,7,13
Richard Panik,TOT,1992-10-20 16:36:01.097761,1000,RW,48,4,9,21,70
Richard Panik,WSH,1992-10-20 16:36:01.098387,1000,RW,36,3,6,16,53
Richard Panik,DET,1992-10-20 16:36:01.099119,1000,RW,12,1,3,5,17
Cedric Paquette,TOT,1994-10-20 16:36:01.099703,1000,C,47,4,4,26,136
Cedric Paquette,CAR,1994-10-20 16:36:01.101012,1000,C,38,3,4,18,109
Cedric Paquette,OTT,1994-10-20 16:36:01.102631,1000,C,9,1,0,8,27
Colton Parayko,STL,1994-10-20 16:36:01.104353,1000,D,32,2,10,64,35
Zach Parise,MIN,1985-10-22 16:36:01.105152,1000,LW,45,7,11,20,18
Brinson Pasichnuk,SJS,1998-10-19 16:36:01.105809,1000,D,4,0,0,3,2
David Pastrnak,BOS,1997-10-19 16:36:01.106368,1000,RW,48,20,28,13,35
Greg Pateryn,TOT,1991-10-21 16:36:01.106914,1000,D,13,0,3,17,17
Greg Pateryn,COL,1991-10-21 16:36:01.107455,1000,D,8,0,0,15,8
Greg Pateryn,MIN,1991-10-21 16:36:01.107989,1000,D,3,0,2,1,3
Greg Pateryn,SJS,1991-10-21 16:36:01.108638,1000,D,2,0,1,1,6
Nolan Patrick,PHI,1999-10-19 16:36:01.109530,1000,C,52,4,5,18,45
Nick Paul,OTT,1996-10-19 16:36:01.111447,1000,LW,56,5,15,35,74
Joe Pavelski,DAL,1985-10-22 16:36:01.112567,1000,C,56,25,26,39,64
Tanner Pearson,VAN,1993-10-20 16:36:01.113244,1000,LW,51,10,8,28,54
Matthew Peca,OTT,1994-10-20 16:36:01.113794,1000,C,5,0,1,3,9
Lane Pederson,ARI,1998-10-19 16:36:01.114334,1000,F,15,1,2,2,39
Andrew Peeke,CBJ,1999-10-19 16:36:01.114871,1000,D,11,0,3,15,35
Adam Pelech,NYI,1995-10-20 16:36:01.115686,1000,D,56,4,10,73,66
Mathieu Perreault,WPG,1988-10-21 16:36:01.116266,1000,C,56,9,10,18,84
David Perron,STL,1989-10-21 16:36:01.117698,1000,LW,56,19,39,25,45
Corey Perry,MTL,1986-10-22 16:36:01.120273,1000,RW,49,9,12,15,56
Brett Pesce,CAR,1995-10-20 16:36:01.121576,1000,D,55,4,21,82,17
Nic Petan,TOR,1996-10-19 16:36:01.122480,1000,C,7,0,1,2,6
Jeff Petry,MTL,1988-10-21 16:36:01.123041,1000,D,55,12,30,60,97
Elias Pettersson,VAN,1999-10-19 16:36:01.123605,1000,C,26,10,11,9,11
Marcus Pettersson,PIT,1997-10-19 16:36:01.124150,1000,D,47,2,7,39,51
Matthew Phillips,CGY,1999-10-19 16:36:01.124694,1000,F,1,0,0,0,0
Alex Pietrangelo,VEG,1990-10-21 16:36:01.125228,1000,D,41,7,16,80,28
Garrett Pilon,WSH,1999-10-19 16:36:01.125760,1000,C,1,0,0,0,0
Brian Pinho,WSH,1996-10-19 16:36:01.126329,1000,C,2,0,0,1,1
Shane Pinto,OTT,2001-10-18 16:36:01.126886,1000,C,12,1,6,9,11
Neal Pionk,WPG,1996-10-19 16:36:01.127423,1000,D,54,3,29,74,137
Brandon Pirri,CHI,1992-10-20 16:36:01.127960,1000,C,1,0,0,0,0
Rem Pitlick,NSH,1998-10-19 16:36:01.128493,1000,C,10,0,2,1,8
Tyler Pitlick,ARI,1992-10-20 16:36:01.129077,1000,C,38,6,5,41,81
Austin Poganski,STL,1997-10-19 16:36:01.129645,1000,RW,5,0,0,2,8
Brayden Point,TBL,1997-10-19 16:36:01.130183,1000,C,56,23,25,18,23
Tucker Poolman,WPG,1994-10-20 16:36:01.130723,1000,D,39,0,1,49,69
Nate Prosser,PHI,1987-10-22 16:36:01.131256,1000,D,6,1,1,10,3
Ivan Provorov,PHI,1997-10-19 16:36:01.132155,1000,D,56,7,19,106,56
Jesse Puljujarvi,EDM,1999-10-19 16:36:01.133764,1000,RW,55,15,10,20,101
Ryan Pulock,NYI,1995-10-20 16:36:01.135153,1000,D,56,2,15,106,97
Mark Pysyk,DAL,1992-10-20 16:36:01.136397,1000,D,36,3,1,16,36
Alexander Radulov,DAL,1987-10-22 16:36:01.137691,1000,RW,11,4,8,5,4
Brogan Rafferty,VAN,1996-10-19 16:36:01.138273,1000,D,1,0,1,1,1
Michael Raffl,TOT,1989-10-21 16:36:01.138815,1000,LW,44,4,7,28,71
Michael Raffl,PHI,1989-10-21 16:36:01.139533,1000,LW,34,3,5,23,50
Michael Raffl,WSH,1989-10-21 16:36:01.140665,1000,LW,10,1,2,5,21
Rickard Rakell,ANA,1994-10-20 16:36:01.141492,1000,RW,52,9,19,16,65
Mikko Rantanen,COL,1997-10-19 16:36:01.142055,1000,RW,52,30,36,20,26
Victor Rask,MIN,1994-10-20 16:36:01.142662,1000,C,54,10,13,10,21
Michael Rasmussen,DET,2000-10-18 16:36:01.143219,1000,C,40,3,9,28,72
Jack Rathbone,VAN,2000-10-18 16:36:01.143755,1000,D,8,1,2,8,9
Kyle Rau,MIN,1993-10-20 16:36:01.144286,1000,C,14,0,2,15,23
Ryan Reaves,VEG,1987-10-22 16:36:01.144820,1000,RW,37,1,4,15,141
Alec Regula,CHI,2001-10-18 16:36:01.145359,1000,D,3,0,0,3,3
Mike Reilly,TOT,1994-10-20 16:36:01.145942,1000,D,55,0,27,43,70
Mike Reilly,OTT,1994-10-20 16:36:01.146648,1000,D,40,0,19,36,54
Mike Reilly,BOS,1994-10-20 16:36:01.147684,1000,D,15,0,8,7,16
Sam Reinhart,BUF,1996-10-19 16:36:01.148890,1000,C,54,25,15,27,15
Sheldon Rempal,CAR,1996-10-19 16:36:01.149474,1000,RW,3,0,0,3,0
Dan Renouf,COL,1995-10-20 16:36:01.150690,1000,D,18,0,3,3,20
Tarmo Reunanen,NYR,1999-10-19 16:36:01.151510,1000,D,4,0,1,5,4
Justin Richards,NYR,1999-10-19 16:36:01.152459,1000,F,1,0,1,1,2
Brad Richardson,NSH,1986-10-22 16:36:01.153456,1000,C,17,1,3,9,14
Tobias Rieder,BUF,1993-10-20 16:36:01.153992,1000,C,44,5,2,34,21
Morgan Rielly,TOR,1995-10-20 16:36:01.154946,1000,D,55,5,30,61,63
Juuso Riikola,PIT,1994-10-20 16:36:01.156070,1000,D,2,0,0,1,5
Zac Rinaldo,CGY,1991-10-21 16:36:01.156649,1000,C,4,0,0,0,13
Rasmus Ristolainen,BUF,1995-10-20 16:36:01.157193,1000,D,49,4,14,68,193
Brett Ritchie,CGY,1994-10-20 16:36:01.157743,1000,RW,32,4,4,6,97
Nick Ritchie,BOS,1996-10-19 16:36:01.158326,1000,LW,56,15,11,17,102
Jason Robertson,DAL,2000-10-18 16:36:01.158900,1000,LW,51,17,28,13,28
Nicholas Robertson,TOR,2002-10-18 16:36:01.159442,1000,LW,6,0,1,2,3
Buddy Robinson,CGY,1992-10-20 16:36:01.159976,1000,RW,9,0,0,0,14
Evan Rodrigues,PIT,1994-10-20 16:36:01.161075,1000,C,35,7,7,10,21
Alexander Romanov,MTL,2000-10-18 16:36:01.161673,1000,D,54,1,5,60,138
Kevin Rooney,NYR,1994-10-20 16:36:01.162687,1000,C,54,8,6,35,110
Jack Roslovic,CBJ,1997-10-19 16:36:01.163792,1000,C,48,12,22,22,34
Antoine Roussel,VAN,1990-10-21 16:36:01.164368,1000,LW,35,1,3,18,63
Carter Rowney,ANA,1990-10-21 16:36:01.164936,1000,RW,19,0,6,21,45
Matt Roy,LAK,1996-10-19 16:36:01.166083,1000,D,44,2,8,67,61
Nicolas Roy,VEG,1998-10-19 16:36:01.166900,1000,C,50,6,9,23,50
Chad Ruhwedel,PIT,1991-10-21 16:36:01.168984,1000,D,17,0,2,13,32
Arttu Ruotsalainen,BUF,1998-10-19 16:36:01.170204,1000,F,17,5,1,4,16
Kris Russell,EDM,1988-10-21 16:36:01.171422,1000,D,35,0,9,75,41
Patrick Russell,EDM,1993-10-20 16:36:01.172045,1000,RW,8,0,2,0,13
Bryan Rust,PIT,1993-10-20 16:36:01.172609,1000,RW,56,22,20,30,62
Jan Rutta,TBL,1991-10-21 16:36:01.173158,1000,D,35,0,8,32,30
Adam Ruzicka,CGY,2000-10-18 16:36:01.173699,1000,C,3,0,1,0,1
Bobby Ryan,DET,1988-10-21 16:36:01.174240,1000,LW,33,7,7,17,31
Derek Ryan,CGY,1987-10-22 16:36:01.174778,1000,C,43,2,11,21,13
Joakim Ryan,CAR,1994-10-20 16:36:01.175456,1000,D,4,0,0,1,1
Drake Rymsha,LAK,1999-10-19 16:36:01.176007,1000,C,1,0,0,0,0
Brandon Saad,COL,1993-10-20 16:36:01.176552,1000,LW,44,15,9,10,16
Scott Sabourin,TOR,1993-10-20 16:36:01.177460,1000,F,1,0,0,0,3
Mattias Samuelsson,BUF,2001-10-18 16:36:01.178588,1000,D,12,0,2,10,20
Rasmus Sandin,TOR,2001-10-18 16:36:01.179311,1000,D,9,0,4,7,11
Zach Sanford,STL,1995-10-20 16:36:01.179973,1000,LW,52,10,6,44,69
Travis Sanheim,PHI,1997-10-19 16:36:01.180519,1000,D,55,3,12,73,48
Steven Santini,STL,1996-10-19 16:36:01.181056,1000,D,3,0,1,2,12
David Savard,TOT,1991-10-21 16:36:01.181588,1000,D,54,1,5,109,132
David Savard,CBJ,1991-10-21 16:36:01.182191,1000,D,40,1,5,89,95
David Savard,TBL,1991-10-21 16:36:01.182798,1000,D,14,0,0,20,37
Luca Sbisa,NSH,1990-10-21 16:36:01.183478,1000,D,1,0,0,2,3
Marco Scandella,STL,1991-10-21 16:36:01.186006,1000,D,49,3,6,64,60
Colton Sceviour,PIT,1990-10-21 16:36:01.187632,1000,C,46,5,5,28,64
Mark Scheifele,WPG,1994-10-20 16:36:01.188211,1000,C,56,21,42,38,31
Brayden Schenn,STL,1992-10-20 16:36:01.188762,1000,C,56,16,20,35,119
Luke Schenn,TBL,1990-10-21 16:36:01.189292,1000,D,38,2,2,17,99
Nick Schmaltz,ARI,1997-10-19 16:36:01.189820,1000,C,52,10,22,25,15
Nate Schmidt,VAN,1992-10-20 16:36:01.190350,1000,D,54,5,10,72,15
Justin Schultz,WSH,1991-10-21 16:36:01.190877,1000,D,46,3,24,49,28
Jaden Schwartz,STL,1993-10-20 16:36:01.191500,1000,C,40,8,13,26,40
Tyler Seguin,DAL,1992-10-20 16:36:01.192470,1000,C,3,2,0,1,8
Andrej Sekera,DAL,1987-10-22 16:36:01.193598,1000,D,46,3,2,62,47
Zachary Senyshyn,BOS,1998-10-19 16:36:01.194180,1000,RW,8,0,0,1,11
Mikhail Sergachev,TBL,1999-10-19 16:36:01.194725,1000,D,56,4,26,73,66
Damon Severson,NJD,1995-10-20 16:36:01.195262,1000,D,56,3,18,50,57
Michael Sgarbossa,WSH,1993-10-20 16:36:01.195831,1000,C,5,0,2,2,1
Yegor Sharangovich,NJD,1999-10-19 16:36:01.196532,1000,C,54,16,14,20,20
Kevin Shattenkirk,ANA,1989-10-21 16:36:01.197077,1000,D,55,2,13,58,57
Andrew Shaw,CHI,1992-10-20 16:36:01.197610,1000,C,14,2,2,4,20
Riley Sheahan,BUF,1992-10-20 16:36:01.198140,1000,C,53,4,9,15,17
Conor Sheary,WSH,1993-10-20 16:36:01.198867,1000,LW,53,14,8,20,24
Kiefer Sherwood,COL,1996-10-19 16:36:01.201503,1000,RW,16,0,3,6,40
Kole Sherwood,CBJ,1997-10-19 16:36:01.202963,1000,RW,6,0,1,0,22
Devin Shore,EDM,1995-10-20 16:36:01.204053,1000,C,38,5,4,26,73
Drew Shore,CAR,1991-10-21 16:36:01.204986,1000,C,4,0,0,0,2
Jonas Siegenthaler,TOT,1998-10-19 16:36:01.205580,1000,D,15,0,0,17,20
Jonas Siegenthaler,NJD,1998-10-19 16:36:01.206132,1000,D,8,0,0,7,14
Jonas Siegenthaler,WSH,1998-10-19 16:36:01.206979,1000,D,7,0,0,10,6
Dylan Sikura,VEG,1996-10-19 16:36:01.208123,1000,C,6,2,0,1,3
Jakob Silfverberg,ANA,1991-10-21 16:36:01.208948,1000,LW,47,8,8,26,19
Radim Simek,SJS,1993-10-20 16:36:01.209574,1000,D,40,2,4,49,76
Wayne Simmonds,TOR,1989-10-21 16:36:01.210211,1000,RW,38,7,2,15,64
Dominik Simon,CGY,1995-10-20 16:36:01.210769,1000,C,11,0,0,4,12
Colton Sissons,NSH,1994-10-20 16:36:01.211324,1000,C,54,8,7,27,74
Jeff Skinner,BUF,1993-10-20 16:36:01.211862,1000,LW,53,7,7,12,20
Brady Skjei,CAR,1995-10-20 16:36:01.212476,1000,D,52,3,7,62,66
Jaccob Slavin,CAR,1995-10-20 16:36:01.213149,1000,D,52,3,12,87,35
Brendan Smith,NYR,1990-10-21 16:36:01.213720,1000,D,48,5,5,41,84
C.J. Smith,BUF,1995-10-20 16:36:01.214266,1000,LW,1,0,0,0,3
Cole Smith,NSH,1996-10-19 16:36:01.214801,1000,F,1,0,0,0,0
Craig Smith,BOS,1990-10-21 16:36:01.215651,1000,C,54,13,19,8,66
Gemel Smith,TBL,1995-10-20 16:36:01.217014,1000,C,5,0,3,1,6
Givani Smith,DET,1999-10-19 16:36:01.218207,1000,RW,16,1,3,4,28
Reilly Smith,VEG,1992-10-20 16:36:01.219269,1000,RW,53,14,11,20,46
Ty Smith,NJD,2001-10-18 16:36:01.219865,1000,D,48,2,21,35,32
Carl Soderberg,TOT,1986-10-22 16:36:01.220405,1000,C,45,7,10,36,66
Carl Soderberg,CHI,1986-10-22 16:36:01.220951,1000,C,34,7,8,27,46
Carl Soderberg,COL,1986-10-22 16:36:01.221543,1000,C,11,0,2,9,20
Victor Soderstrom,ARI,2002-10-18 16:36:01.222087,1000,D,4,1,1,0,4
Marcus Sorensen,SJS,1993-10-20 16:36:01.222725,1000,RW,29,1,4,11,22
Carson Soucy,MIN,1995-10-20 16:36:01.223391,1000,D,50,1,16,49,62
Jason Spezza,TOR,1984-10-22 16:36:01.224041,1000,C,54,10,20,10,26
Daniel Sprong,WSH,1998-10-19 16:36:01.224616,1000,RW,42,13,7,1,28
Jared Spurgeon,MIN,1990-10-21 16:36:01.225182,1000,D,54,7,18,102,52
Eric Staal,TOT,1985-10-22 16:36:01.225770,1000,C,53,5,8,15,23
Eric Staal,BUF,1985-10-22 16:36:01.226324,1000,C,32,3,7,8,14
Eric Staal,MTL,1985-10-22 16:36:01.226878,1000,C,21,2,1,7,9
Jordan Staal,CAR,1989-10-21 16:36:01.227462,1000,C,53,16,22,24,135
Marc Staal,DET,1987-10-22 16:36:01.228018,1000,D,56,3,7,45,58
Steven Stamkos,TBL,1991-10-21 16:36:01.228569,1000,C,38,17,17,10,38
Logan Stanley,WPG,1999-10-19 16:36:01.229143,1000,D,37,1,3,31,49
Paul Stastny,WPG,1986-10-22 16:36:01.229894,1000,C,56,13,16,19,38
Troy Stecher,DET,1995-10-20 16:36:01.230458,1000,D,44,3,8,46,33
Sam Steel,ANA,1999-10-19 16:36:01.231003,1000,C,42,6,6,19,41
Oskar Steen,BOS,1999-10-19 16:36:01.231548,1000,C,3,0,0,1,11
Kevin Stenlund,CBJ,1997-10-19 16:36:01.232367,1000,C,32,5,5,13,17
Derek Stepan,OTT,1991-10-21 16:36:01.233515,1000,C,20,1,5,16,25
Mitchell Stephens,TBL,1998-10-19 16:36:01.235379,1000,C,7,0,1,1,8
Chandler Stephenson,VEG,1995-10-20 16:36:01.236423,1000,C,51,14,21,35,43
Riley Stillman,TOT,1999-10-19 16:36:01.237027,1000,D,21,1,0,29,51
Riley Stillman,CHI,1999-10-19 16:36:01.237589,1000,D,13,1,0,21,37
Riley Stillman,FLA,1999-10-19 16:36:01.238157,1000,D,8,0,0,8,14
Mark Stone,VEG,1993-10-20 16:36:01.238703,1000,RW,55,21,40,33,31
Michael Stone,CGY,1991-10-21 16:36:01.239268,1000,D,21,2,2,27,24
Anton Stralman,FLA,1987-10-22 16:36:01.239805,1000,D,38,3,6,30,37
Austin Strand,LAK,1998-10-19 16:36:01.240337,1000,D,13,0,1,15,14
Dylan Strome,CHI,1998-10-19 16:36:01.240873,1000,C,40,9,8,19,8
Ryan Strome,NYR,1994-10-20 16:36:01.241411,1000,C,56,14,35,18,22
Marian Studenic,NJD,1999-10-19 16:36:01.242113,1000,RW,8,1,1,4,13
Jack Studnicka,BOS,2000-10-18 16:36:01.242667,1000,C,20,1,2,10,7
Nico Sturm,MIN,1996-10-19 16:36:01.243204,1000,C,50,11,6,26,48
Tim Stützle,OTT,2002-10-18 16:36:01.243754,1000,LW,53,12,17,15,50
P.K. Subban,NJD,1990-10-21 16:36:01.244296,1000,D,44,5,14,46,41
Oskar Sundqvist,STL,1995-10-20 16:36:01.245132,1000,C,28,4,5,25,50
Antti Suomela,SJS,1995-10-20 16:36:01.245705,1000,C,4,0,0,4,6
Maksim Sushko,PHI,2000-10-18 16:36:01.246512,1000,RW,2,0,0,0,2
Pius Suter,CHI,1997-10-19 16:36:01.247082,1000,F,55,14,13,34,28
Ryan Suter,MIN,1985-10-22 16:36:01.247625,1000,D,56,3,16,65,38
Brandon Sutter,VAN,1990-10-21 16:36:01.248192,1000,C,43,9,3,28,18
Nick Suzuki,MTL,2000-10-18 16:36:01.249563,1000,C,56,15,26,38,70
Andrei Svechnikov,CAR,2001-10-18 16:36:01.250755,1000,RW,55,15,27,18,114
Evgeny Svechnikov,DET,1997-10-19 16:36:01.251345,1000,LW,21,3,5,6,20
Brandon Tanev,PIT,1992-10-20 16:36:01.252270,1000,LW,32,7,9,33,139
Chris Tanev,CGY,1990-10-21 16:36:01.253007,1000,D,56,2,10,107,33
Vladimir Tarasenko,STL,1992-10-20 16:36:01.253573,1000,RW,24,4,10,15,30
Tomas Tatar,MTL,1991-10-21 16:36:01.254113,1000,LW,50,10,20,20,63
John Tavares,TOR,1991-10-21 16:36:01.254665,1000,C,56,19,31,28,51
Matt Tennyson,NJD,1991-10-21 16:36:01.255208,1000,D,21,1,2,25,32
Teuvo Teravainen,CAR,1995-10-20 16:36:01.255751,1000,F,21,5,10,9,8
Troy Terry,ANA,1998-10-19 16:36:01.256433,1000,C,48,7,13,13,5
Alexandre Texier,CBJ,2000-10-18 16:36:01.257345,1000,C,49,4,11,19,49
Shea Theodore,VEG,1996-10-19 16:36:01.258237,1000,D,53,8,34,43,22
Ben Thomas,TBL,1997-10-19 16:36:01.259119,1000,D,5,0,0,4,4
Robert Thomas,STL,2000-10-18 16:36:01.260006,1000,C,33,3,9,11,5
Nate Thompson,WPG,1985-10-22 16:36:01.260909,1000,C,44,2,3,20,60
Tage Thompson,BUF,1998-10-19 16:36:01.261809,1000,C,38,8,6,8,25
Tyce Thompson,NJD,2000-10-18 16:36:01.262817,1000,RW,7,0,1,2,5
Joe Thornton,TOR,1980-10-23 16:36:01.263412,1000,C,44,5,15,10,32
Chris Tierney,OTT,1995-10-20 16:36:01.263954,1000,C,55,6,13,32,23
Dmytro Timashov,NYI,1997-10-19 16:36:01.264895,1000,LW,1,0,0,0,2
Conor Timmins,COL,1999-10-19 16:36:01.265641,1000,D,31,0,7,22,18
Jarred Tinordi,TOT,1993-10-20 16:36:01.266585,1000,D,21,0,1,30,56
Jarred Tinordi,BOS,1993-10-20 16:36:01.267545,1000,D,14,0,1,19,44
Jarred Tinordi,NSH,1993-10-20 16:36:01.268709,1000,D,7,0,0,11,12
Owen Tippett,FLA,2000-10-18 16:36:01.270105,1000,RW,45,7,11,5,59
Brady Tkachuk,OTT,2000-10-18 16:36:01.271167,1000,LW,56,17,19,23,248
Matthew Tkachuk,CGY,1998-10-19 16:36:01.273014,1000,LW,56,16,27,9,132
Devon Toews,COL,1995-10-20 16:36:01.274953,1000,D,53,9,22,87,44
Tyler Toffoli,MTL,1993-10-20 16:36:01.276007,1000,C,52,28,16,12,75
Eeli Tolvanen,NSH,2000-10-18 16:36:01.276879,1000,RW,40,11,11,16,78
Dominic Toninato,WPG,1995-10-20 16:36:01.277764,1000,C,2,0,1,1,4
Yakov Trenin,NSH,1997-10-19 16:36:01.278642,1000,C,45,5,6,21,94
Vincent Trocheck,CAR,1994-10-20 16:36:01.279724,1000,C,47,17,26,28,107
Jacob Trouba,NYR,1995-10-20 16:36:01.280613,1000,D,38,2,10,84,111
Alexander True,SJS,1998-10-19 16:36:01.281506,1000,F,7,0,1,5,4
Alex Tuch,VEG,1997-10-19 16:36:01.282546,1000,RW,55,18,15,36,52
Kyle Turris,EDM,1990-10-21 16:36:01.283826,1000,C,27,2,3,8,16
Carsen Twarynski,PHI,1998-10-19 16:36:01.284835,1000,F,7,0,0,2,17
Urho Vaakanainen,BOS,1999-10-19 16:36:01.285419,1000,D,9,0,2,19,3
Juuso Valimaki,CGY,1999-10-19 16:36:01.286062,1000,D,49,2,9,60,28
James van Riemsdyk,PHI,1990-10-21 16:36:01.286665,1000,LW,56,17,26,16,40
Trevor van Riemsdyk,WSH,1992-10-20 16:36:01.288674,1000,D,20,1,2,27,13
Sami Vatanen,TOT,1992-10-20 16:36:01.289577,1000,D,39,2,4,49,27
Sami Vatanen,NJD,1992-10-20 16:36:01.290313,1000,D,30,2,4,37,21
Sami Vatanen,DAL,1992-10-20 16:36:01.291256,1000,D,9,0,0,12,6
Frank Vatrano,FLA,1995-10-20 16:36:01.292267,1000,LW,56,18,8,21,69
Joseph Veleno,DET,2000-10-18 16:36:01.292839,1000,C,5,1,0,4,7
Carter Verhaeghe,FLA,1996-10-19 16:36:01.293378,1000,C,43,18,18,14,33
Kristian Vesalainen,WPG,2000-10-18 16:36:01.294022,1000,W,12,0,1,5,8
Jimmy Vesey,TOT,1994-10-20 16:36:01.294566,1000,LW,50,5,5,19,38
Jimmy Vesey,TOR,1994-10-20 16:36:01.295101,1000,LW,30,5,2,10,23
Jimmy Vesey,VAN,1994-10-20 16:36:01.295641,1000,LW,20,0,3,9,15
Jeffrey Viel,SJS,1997-10-19 16:36:01.296435,1000,F,11,0,0,0,22
Gabriel Vilardi,LAK,2000-10-18 16:36:01.296999,1000,C,54,10,13,19,18
Jake Virtanen,VAN,1997-10-19 16:36:01.297539,1000,RW,38,5,0,12,83
Marc-Edouard Vlasic,SJS,1988-10-21 16:36:01.298073,1000,D,51,1,5,64,40
Alexander Volkov,TOT,1998-10-19 16:36:01.298610,1000,RW,37,7,6,26,36
Alexander Volkov,TBL,1998-10-19 16:36:01.302224,1000,RW,19,3,2,15,20
Alexander Volkov,ANA,1998-10-19 16:36:01.303291,1000,RW,18,4,4,11,16
Jakub Voracek,PHI,1990-10-21 16:36:01.304202,1000,RW,53,9,34,20,17
Jakub Vrana,TOT,1997-10-19 16:36:01.305103,1000,LW,50,19,17,8,29
Jakub Vrana,WSH,1997-10-19 16:36:01.306007,1000,LW,39,11,14,4,26
Jakub Vrana,DET,1997-10-19 16:36:01.306902,1000,LW,11,8,3,4,3
Austin Wagner,LAK,1998-10-19 16:36:01.307787,1000,LW,44,4,4,10,97
Chris Wagner,BOS,1992-10-20 16:36:01.308698,1000,C,41,2,3,21,75
Oliver Wahlstrom,NYI,2001-10-18 16:36:01.309533,1000,RW,44,12,9,14,57
Daniel Walcott,TBL,1995-10-20 16:36:01.310086,1000,D,1,0,0,0,7
Nathan Walker,STL,1995-10-20 16:36:01.310634,1000,C,8,1,0,6,14
Sean Walker,LAK,1995-10-20 16:36:01.311325,1000,D,47,5,13,72,43
Lucas Wallmark,TOT,1996-10-19 16:36:01.312654,1000,C,20,0,3,6,25
Lucas Wallmark,CHI,1996-10-19 16:36:01.313235,1000,C,16,0,3,5,20
Lucas Wallmark,FLA,1996-10-19 16:36:01.313775,1000,C,4,0,0,1,5
Jake Walman,STL,1997-10-19 16:36:01.314659,1000,D,24,1,1,20,26
Austin Watson,OTT,1992-10-20 16:36:01.315275,1000,LW,34,3,7,49,100
Shea Weber,MTL,1986-10-22 16:36:01.316266,1000,D,48,6,13,68,70
Yannick Weber,PIT,1989-10-21 16:36:01.319212,1000,D,2,0,0,0,4
MacKenzie Weegar,FLA,1994-10-20 16:36:01.319795,1000,D,54,6,30,83,118
Andy Welinski,ANA,1994-10-20 16:36:01.320612,1000,D,13,0,0,7,14
Alexander Wennberg,FLA,1995-10-20 16:36:01.321277,1000,C,56,17,12,36,29
Zach Werenski,CBJ,1998-10-19 16:36:01.321838,1000,D,35,7,13,39,21
Blake Wheeler,WPG,1987-10-22 16:36:01.322380,1000,RW,50,15,31,30,63
Colin White,OTT,1997-10-19 16:36:01.322920,1000,C,45,10,8,18,58
Colton White,NJD,1998-10-19 16:36:01.323492,1000,D,2,0,0,0,2
Zach Whitecloud,VEG,1997-10-19 16:36:01.324038,1000,D,51,2,10,75,85
Tom Wilson,WSH,1995-10-20 16:36:01.324579,1000,RW,47,13,20,25,105
Christian Wolanin,TOT,1996-10-19 16:36:01.325115,1000,D,18,0,3,7,3
Christian Wolanin,OTT,1996-10-19 16:36:01.325655,1000,D,15,0,3,3,3
Christian Wolanin,LAK,1996-10-19 16:36:01.326644,1000,D,3,0,0,4,0
Miles Wood,NJD,1996-10-19 16:36:01.327573,1000,LW,55,17,8,25,38
Kailer Yamamoto,EDM,1999-10-19 16:36:01.328495,1000,RW,52,8,13,40,52
Keith Yandle,FLA,1987-10-22 16:36:01.329432,1000,D,56,3,24,27,18
Jesse Ylönen,MTL,2000-10-18 16:36:01.330132,1000,RW,1,0,0,0,0
Cameron York,PHI,2001-10-18 16:36:01.330698,1000,D,3,0,0,2,1
Pavel Zacha,NJD,1998-10-19 16:36:01.331694,1000,C,50,17,18,10,42
Filip Zadina,DET,2000-10-18 16:36:01.332309,1000,RW,49,6,13,22,22
Nikita Zadorov,CHI,1996-10-19 16:36:01.332865,1000,D,55,1,7,74,190
Nikita Zaitsev,OTT,1992-10-20 16:36:01.334849,1000,D,55,4,13,110,114
Travis Zajac,TOT,1986-10-22 16:36:01.336234,1000,C,46,8,12,22,51
Travis Zajac,NJD,1986-10-22 16:36:01.336918,1000,C,33,7,11,15,41
Travis Zajac,NYI,1986-10-22 16:36:01.337476,1000,C,13,1,1,7,10
Yegor Zamula,PHI,2001-10-18 16:36:01.338580,1000,D,2,0,0,1,1
Jakub Zboril,BOS,1998-10-19 16:36:01.339677,1000,D,42,0,9,33,63
Trevor Zegras,ANA,2002-10-18 16:36:01.340779,1000,C,24,3,10,4,7
Mika Zibanejad,NYR,1994-10-20 16:36:01.342219,1000,C,56,24,26,44,75
Radim Zohorna,PIT,1997-10-19 16:36:01.343589,1000,F,8,2,2,0,7
Artem Zub,OTT,1996-10-19 16:36:01.344458,1000,D,47,3,11,70,89
Mats Zuccarello,MIN,1988-10-21 16:36:01.345064,1000,LW,42,11,24,19,12
Jason Zucker,PIT,1992-10-20 16:36:01.345684,1000,LW,38,9,9,15,69
Eric Robinson,CBJ,1996-10-19 16:36:01.160538,980.0,LW,56,8,10,16,94
Sam Lafferty,PIT,1996-10-19 16:36:00.955963,980.0,C,34,0,6,11,89
